Species Name,Common Name,Taxonomy,Geographic Origin,Genetic Marker,Genetic Sequence
Sardinella longiceps,Sardinella species,"Kingdom: Animalia, Phylum: Chordata, Class: Actinopterygii, Order: Clupeiformes, Family: Clupeidae, Genus: Sardinella, Species: Sardinella longiceps",Coastal waters,COI-placeholder,CGTTGTTTCCCAATGGTCGGATACAAATAGTCACTTTTGGAAGACCGCGGGGATTATGGAAAGGCTTGCCCCGGTATGACCTCGGCGATTGAGGGCTCCAGCCCTTAGTGTATATCTACTTCCCGCCTGAGTCGACCGTGCACAACATGAGGTCCGTAAAACCGAATCTGTCTGTCCCAAGGGCTCTGCTGAAATGCTGTAGTGAGGGCGACCTCTCGTATGATACCAGGGCGGTAGCCGCTATGGTAGCCAATGCGTAAACGAGGAGCGTTGCCAAGTAGTTGGAAGTACTACAGTCGTCTCGGAGCGAGATCTAGACAGAGGTTGCCTGAGAGATTACAAGTTTCTACTCGGCTTTAGCAAGGTCGGACGCTCGGCAACCGGGCTACGGGGTTGTAAAATCTGCCTGAGCGTTCTGTTTATTTCCCTTGGCAGAATGCCACCATTTTA
Rastrelliger kanagurta,Rastrelliger species,"Kingdom: Animalia, Phylum: Chordata, Class: Actinopterygii, Order: Scombriformes, Family: Scombridae, Genus: Rastrelliger, Species: Rastrelliger kanagurta",Coastal pelagic,COI-placeholder,TTGCAGTCGGACTTCTAGTTGCCGTAGCGGTACACGAATAACTGGTACTATTCTGCGATAGCAGTATGTACAGACGGAAATGGGACACAGCTGATCCTGATGAGGCCAAAACCTAAACCAACTGCTAGCGGTGCACGGAGGCCCGGCTAGTGCGCCTCCAAATTTGACCATCTATAGCGGGTGCGCGAAGACAGACCGTCGGTTGATTTTCATAGGTCTCCCGCTAGGGTGGCCCACTACTGTCGTCTAACCGGACTGCTAACACTTAAGCAGATGTCGAAACCTCTGAGTTGTCGCTCGCCTACTATCGATAAAGGTATCACACCTATTTCGTGAGGTTACGCCGAGCAAGGATCTTAGTAGACAACTTCGGGCCACGGATCGAGCATCATCCGTCTCACGTGGTTCTAAGACCCCTGAGACAAAGATGTCTCTAAAGCCCTGGAACGA
Lethrinus nebulosus,Lethrinus species,"Kingdom: Animalia, Phylum: Chordata, Class: Actinopterygii, Order: Perciformes, Family: Lethrinidae, Genus: Lethrinus, Species: Lethrinus nebulosus",Coral reefs,COI-placeholder,GTCTCGATAGATGGGTGCCAAGTAAAAGCCTACTATATCCGCACCTCTGGTAACCTCCCCTTGAAACGTTGCCCTTATTTTGTAGCGCCGGCACGCGACCTTAGCAACAGACGTTCCATTACCAGAGCTTTGCTCGCTCATCGAATGGAACTGTCAAAGGCGTGTAGTCTCTTTGCCTTTTTTAAAAGATGCGACACAACCCTCGAAGCCTACGTCTGTCGAGTATAACCGGCTCGAACAATAAGAGCCATTAGGATCCTACGCGGGAACCGCCAATCACCACCTCAGCCAATTTGGCCTCAATCCGACAACGCACGTTTCCAGCGGCGAGGACGCTCGGGCTAGCGCTGTTGTAATTGGGAGTTGCCCCTGGGGGCAAGAATGAACTCTCTCCCGTCCTACCGGGCTTCAGCGAAAATAAAGGTTTCTCTACGTTAGGTTGTGCCGTGC
Epinephelus fuscoguttatus,Epinephelus species,"Kingdom: Animalia, Phylum: Chordata, Class: Actinopterygii, Order: Perciformes, Family: Serranidae, Genus: Epinephelus, Species: Epinephelus fuscoguttatus",Coral reefs,COI-placeholder,ATCTCGGCTGCATGCAGCGCCGAGGCGGAGAGCGCGTGGATCATGTTAGTTAATCACGTGAGTTAAAAGCGAGTACGTACTCCCTCAAACTACATCTAATCGTTTCCTCCCTGGCCTAGGCGCCCAACTCCCCAGTCCCGGCACAGCGAATTCGCAACTGTCTTTGATCTGTCTACGCAACTAACCGAGATTAGGAAGTGTTCCGATAATCGTAGTCATACAAAATATGTGGCAGCAATTCAACGAGGGCACTAAGTATACCAGTGCTTACGACATATACGTAAACGTACTGTTCGGACAGCACTGAAAGAATTGGACAGTAGTACTTCCAACTTCCGGACCTGCCACAACTCGTCTTAGACACAGTTTGCGAGGATATATCGAGTGGACATTCGCTTGACAGCCTTAGCAACCAACGGTGCACGATGCGGCCATTCCTTGGCTCCCATC
Plectropomus leopardus,Plectropomus species,"Kingdom: Animalia, Phylum: Chordata, Class: Actinopterygii, Order: Perciformes, Family: Serranidae, Genus: Plectropomus, Species: Plectropomus leopardus",Coral reefs,COI-placeholder,TCGGACTTCTAATTTGGAGGGACTAAGAAATTGCGTAGCTCTATACTGGCTGTAAGAGTACGCATTGGCCTTTTTTCTTGGGCGGGGGGGCAATTGCATATAGCCTTGCACAAAGTTTCGACCCACATCACGTCCGTCAGCCCTCTATAGTGGAAATGGCCACGTTAACTCAACGGATAGAACTATCCTCTGCACAACACGATACTCTGACGTGCCGGGTTGCTAGTTCCAAGGCGACGTGCTTGTGCGGCTACTACTTGTCTGGTACACCTTCCTAACGCGGCCGGTAATCCAAATTACTTTAATTCCATGATATTTTGTCTTCAATTCCCATTATCGCTCACCTTCGGAACAGGAAGCGCCGTGCGGACGCTGCTGAAGAAGGAAATTTCCCGGGTTAGAAGCGATTTGATAGACTAAGTTTTAACTTGAGTCGCCGATGCAGATATA
Lutjanus Kasmira,Lutjanus species,"Kingdom: Animalia, Phylum: Chordata, Class: Actinopterygii, Order: Perciformes, Family: Lutjanidae, Genus: Lutjanus, Species: Lutjanus Kasmira",Coral reefs,COI-placeholder,GGAGTGTCTTGAAACTCTCCATTACCCAGGTAGCTAAATTATATTCAACGTGGAAACGTTGATGAGTGTTAACCGATTGCCCATGGGTGGCGAGGGTTCCCGGCCCAAGGGAACGGCGTATGATCGAGTTCTGAAAGAACTACTATCCCGCGGAACTGAGCATTTCGTTTTTACTATTAGCATCCTGGGTGGAGTGTGGTCTAACTTACATAGATCTGCAAGGACATCCCTAACTAGGAGCATAGCCCTGTATGTGGGGAGAAGCGAGAAGCGGCGCATAACCAGTTAGCCGATGATCGTCCCAGGACTTGACACGTACAATTGGGCTCCCATCTTCACAGCGTAGTGAAGTCAAAGTTCAAACCGAGTCGACAGCCGTGTATACCCGAGCTCGCCACCTCGGGGTGTGGATTATGGGGGTACGACTCCCCTTCCTACCGCCGGCTATGA
Pristipomoides filamentosus,Pristipomoides species,"Kingdom: Animalia, Phylum: Chordata, Class: Actinopterygii, Order: Perciformes, Family: Lutjanidae, Genus: Pristipomoides, Species: Pristipomoides filamentosus",Deep slopes,COI-placeholder,ATGTGCGTCTGTGCGACACAGAGTCCTTCAAAGAACGTGACTTTTGTAAATCCGCAGGGCCATTTTAAACCCCGGAGAAAGGACGCCCATGAGGTACTGTTAATACTCCTCTCACACAACGACGGCGGCCACTATTTGCACCCAAGTCTTTAAAAGGTCTCTCTGTGGTGTAATTCAAGTTTGTGTCGCCCATGGAACCCTCAAGGAAAGGGCTAACAATACCACGCGTATGATGACTCATCATAAGTGTTGCCCAGAGTCTGACGTCTGGGACCTAGCTAGGTTTATTGGACCATAATTAACCTATGGATAATGCGAGAAATGTGGCGCGACTTGTTCCTTGGTTAAACGATTTCCAGGGACAAAGGCAGGGCTGAGTGTGTGCGGCATTCATCAAAAGGCCAGCCGATATACGGCTTGCAAGTTATGGGTAGTACGTTACCTCCATGA
Nemipterus japonicus,Nemipterus species,"Kingdom: Animalia, Phylum: Chordata, Class: Actinopterygii, Order: Perciformes, Family: Nemipteridae, Genus: Nemipterus, Species: Nemipterus japonicus",Sandy/muddy bottoms,COI-placeholder,AGACTCTCCCACTGCGCGGATGTGGTCCTTCCGTGGGGAACAAGTTTATTCAGTATCGGCGTTGTCTGTCTCACTGTAAAGTGGTCGTTGACAGAAGGGTGTCGCGAATCCCGTGCTCGCCAAAAGGAAATTACTTAAATTATAATTGGTCTAATACACCAAAACTCCTCGTCAAGCCATTGCGAATAATGTGGCTTGGGATCAGCACCCCTGGCTATGCTACACGACATCCTCGCTATTCACTCAGAGTGACAGATTGGGATGTGCCCGGATTTGTTCGACCGTGAGCGCTCCATGGACACCAGGAGGACGTGTACATCACTCCGCGGAAATCTCCCGTTCTGCGTTACTCCAAGTCAGTGTCTGGTGTAAACATCTGCTCGGTCCTTAAGAGCAATTGACACTCTTACCCGCTCAAATCTGCGCTATTTTTTTAGTGGGGCAGACCAC
Scomberomorus commerson,Scomberomorus species,"Kingdom: Animalia, Phylum: Chordata, Class: Actinopterygii, Order: Scombriformes, Family: Scombridae, Genus: Scomberomorus, Species: Scomberomorus commerson",Coastal pelagic,COI-placeholder,TTGTAAGCGGGGTTCAGAGCTTGGGGCCCTCGGGATGGAGTCAACAGCTAACTGCCGATCGTTAAGCGCTTAAGGAGAAGAAACTTTTCCCATGAGCGTACCATAGATCGTCACTTTCGCGAGAACGACATCTAAGGGTGTTTCCCCGCACCTCGTAAGTCGCTCTTTGCTGACAACAACGCTATCAGCCCAGCAGGGCGACACGTATCTGAGAGACCACCGACTGCTGAGTGCTGAAGCCAGATTTTGAGTGCATGAGGTTCAATACCTTGGTGATAACTAGCCGTCACTTGGTGACCTAGAGCTAGGACTAATACCAGGAGGATTTTTGACGTGGGTTGGGTCGTGAAGGGTTCATATTCCATCCTCCCTCGCTCACCTCCGAGCAGGCCGCGGCCAGGCACGCAGAAGGCTGAGTCCTAAAAGGCCCGAGTGCGAAGTCCTCAGAAT
Thunnus tonggol,Thunnus species,"Kingdom: Animalia, Phylum: Chordata, Class: Actinopterygii, Order: Scombriformes, Family: Scombridae, Genus: Thunnus, Species: Thunnus tonggol",Neritic waters,COI-placeholder,GCTGCCGGGACATTTAACCCCTGATCTGGGGTATCGATGGTGGGGACGACGTCTCTAATGGTATTACGTCGAATCCTGTTCTTTACAGTATCTTCAAGTTACCGATCCCAAACTGGTTGAACTATTTACCCCCCATGAAGGGCGGCGCTGCCGTGGTCGGCAGGCGCAGGGGAATTTCCCAGGATGCCATAGCCTATTTGGTCCGGCTGTGGGTGGGACGACAACCACGCACAATCGCGTGGCAGCTACTGTATTTCCGCTTGGACAAGGATTCAGTATATGCGCGATAGCAGTTTCAATCTTATGCCCGCTCGAAGAGGTCAGGGCAAGGCCCCCCTCGGATGTCGACGTACCCGTCGAAACTAGCTGCTGACTCACTTAATGCTCGCGAATTGAAATTTTTGGGAACAGGCCAAATTTTCAGCCAGGAGGAGTCTTTTAGCTCGGAGA
Katsuwonus pelamis,Katsuwonus species,"Kingdom: Animalia, Phylum: Chordata, Class: Actinopterygii, Order: Scombriformes, Family: Scombridae, Genus: Katsuwonus, Species: Katsuwonus pelamis",Oceanic,COI-placeholder,AGGACCTTCTCAGGGCTCCTTGCTAATGCGACAAAGCCGCTATTGCCTCTCTGTCTCACCTCCATGTAGAACTGGCCGCAGATGATGAAACGCGACTGTGCTAGGTAGCGTTGATATCATGGAAACACCCAACACTACCCTGACGTGTCCCCGGGTCTCTAAGAATGTCTATCGAACGGTAAACTAGACTACTAGTCAATCGACTTGGGTCGGGGCAGCATTTGGCGTATAATGCCACTCGTGCGCCCTATTCCTTTCTAGCCAGTGTCCTTAAGAGAACGCGACAGGTGTCCTCGGCAAGAGTGAAAGCTGATCTGATAAGCCGTATGCAAATTCCTGCTTTTGCACCATGATTGAACTACTCGTAATCTTAGTTCGAGAAGGAAAACGGGCAGCTGTAATGATCATTAGCGCGGAATATGATATCGACAGTATGATAATCTACGGGTC
Caranx ignobilis,Caranx species,"Kingdom: Animalia, Phylum: Chordata, Class: Actinopterygii, Order: Carangiformes, Family: Carangidae, Genus: Caranx, Species: Caranx ignobilis",Coral reefs,COI-placeholder,GAAAGTTCTCTGGGGTGTGGCACACAAAAGTTTCCCAATTCGCTACGCTCGGGGTATTAAAGACGGTCAACATTAGAGGTCGTACGCGCATCCGCTCTAGAAACCCCCGAAAGCCCCTTAATGCGACCTTGACAAAGCCCCGATAAAGATGCCTTGTTACTGACTTCTACGTAAACTAACGGAGGGCTGAGGATGTCACGTATAGCGGTAAAGCGTCGATAGCACCAGTCCAATGCCCACCTTCAGCGTGCGCTTTTTTCTTCGACCCGACGGAGTCCGATTCGGTGGGCCGTTGGACTCCCGATTCTGATATTCCTTCATGTTTGTGGTCTACTTACGAAGGCAGGTCAGTTCGGGGTCCCTTCTCCCGGTTGTTCGAGCAACGCACGCGTACGTCTCTTTATGTTTTGACAGCATAGTGGCACGTGCCCGCATTACAACAACATGAGC
Selar crumenophthalmus,Selar species,"Kingdom: Animalia, Phylum: Chordata, Class: Actinopterygii, Order: Carangiformes, Family: Carangidae, Genus: Selar, Species: Selar crumenophthalmus",Coastal waters,COI-placeholder,TCATGCAGATAATACGGCGTGGTTGAGGCAGGAAGTACCAATCCTTTGTCGACGTCTCGCGGATCCTCTTCTTAGATTTACCTAAAGCCCTGGTCAGCTGTGCAATCGTATTACAGACGGCCACAGCAATACATAGCCGACCTGAAGTCAGCTAGAGCGCGGGCTACGAGATTTTACCTGATTATGCTCATATATCAGATTAGATTTATCCTATTTAGCCTACTTGTACGCAAGAGTCGGTTCAAACAGACGAGTCCTTCACCAACTCGACTCGGGATTGGAGCAACCCGACTTTGGTTTTCGGTGTTTAGCATGAGCCATGCTCGAAGGTCAGCGAGGGTGATTGGGGCACGGGTCTCCCTGCCAAAATAGGATGCAGGTTGGAACCGTACCGATCGCCCTCTTTTACCATACGACATTGCTTTGTACACCGGACTAAACGTCGTGAAG
Decapterus russelli,Decapterus species,"Kingdom: Animalia, Phylum: Chordata, Class: Actinopterygii, Order: Carangiformes, Family: Carangidae, Genus: Decapterus, Species: Decapterus russelli",Coastal waters,COI-placeholder,AAAATCCATGCTGGTGTCACAATCAGACACGACAATCCGCGGTAAACGAGTGTATATGTTGCACATGTTGTTATCCACTCCGGTTTCGAAGGTGAACCCCTGACATCGTGGAAGATGCTGACCTGTTGAAAACGATAGTTCTACGAGCTACCGGGATAAAATTAACGCCAGATCCGTTTGTGTGGACGTTATATAGATGCAAATGGTAACACCTGGTTAAAGATAGGTTACCATTCTGAGGGCTCAGATTGTATCCCCCTCATTGCTTCCGTGAATAATTTCAAATCTGGCTTACGAACTTCTCCTAGCGACTTTGTGCCTCCTTTAATTTATTTAGCTTCAGCACAACCTCGACCTAGTTACATGAAGTCGGATTTCGGAACCAAAGATACGGTGTACATCCCCACCCCTTGGTTGGCGACAAGTACCAGTGGAACAGCGTATTCGGAT
Stolephorus indicus,Stolephorus species,"Kingdom: Animalia, Phylum: Chordata, Class: Actinopterygii, Order: Clupeiformes, Family: Engraulidae, Genus: Stolephorus, Species: Stolephorus indicus",Coastal waters,COI-placeholder,GGCGGTCTAACGGCGCACGCTAGAAAAGTCCCATTGTACAGCAGGCGAATAGTCACGCGGCGTGGTGAGCCAAGACAGCTTTTGAGACAATTCAGGCCGAAGATCAAGCGTAAGCAAAGTTGCGTACCTCGACGCCATTTCAGATTGCTGTGTAAAATCAGCGGGGAGGTGAGTTAGTAAGGGAACTACGCACCTACCTGGCTACTTCCTTAGCTTGCACTAGGTCGTAATTCTCTACGGTATGGGCTGGCCTATGTACCCAAATTCTACATTTTCCCAACCATTCATGGACCTGTCAGGCTGACGGGCCAGTACTGCCCAGCCCCTGTGGGTTCACAACAATGTCCACAATCCAGAACCGGACCCGCAATGTGGCGTAGTCGGAGCGTCTCGCACATGAACAGTACTTAGACAAAAGGGAGGCTAAAACGGGCCGGACTAGTTGGGTTC
Dussumieria acuta,Dussumieria species,"Kingdom: Animalia, Phylum: Chordata, Class: Actinopterygii, Order: Clupeiformes, Family: Dussumieriidae, Genus: Dussumieria, Species: Dussumieria acuta",Coastal waters,COI-placeholder,GCCGCCTATGTCAGTGACATTGGCGTATGCCTATTGCCTGTGAAAGTTTTTACTGAAATTGAGAATATATTGACCTTTGGTGCTACGGTATGCAGCTATTCCTAGTAGTAATGAGTTATTACGTTACAAAACTCTGTACTAGTAAATAAATGATAGAAGAAGGGTAATTTTGTTTACTTGACTTGGTTTGCGGGCGCAAGCGGTTCCTTGCTTATTCACCTGAGCTATGCGTAGTAGGTGGGCATAGAGTCTCATAAGAGTTAGGGCGCGGGCCAGAGAATCTTTCTATTGTTGTCTCCATGGCCGAGTTTTGTAGCACCTGAGGCATTTCTGCGTACAGCGAAGTAATGTCTAAATTGGTATGATGATGACAGCGGCCTCTCGTTTGGGTTTCGAAAACCCTGGAAAGTGCGGGCACGGTGAGCCGGATAGATGCTCACCCTCTATTAG
Chanos chanos,Chanos species,"Kingdom: Animalia, Phylum: Chordata, Class: Actinopterygii, Order: Gonorynchiformes, Family: Chanidae, Genus: Chanos, Species: Chanos chanos",Coastal waters,COI-placeholder,AGCCTCCCATCACACCTTATGCCGATCGCCCATCTGTACACCTAAAGCCCTTTCGCTGATGGAGGCTAGCGCTCCAAAGACGGTTTCCATTGAGGGCATCTAACGCTTAACGTCGACCTGCTGTTAGGAACGTAGGACATTGTTGGTAGTCTACGTAAGGCCTCTCTAAATACCACGGTCCGATGTCAGCGTAGAAGCCGGTGTTCGCCGGCTAACGCTCTTCGACATAGAATGAATTTGCCACGTGAAGCTGGCGTTCCATGTGTGATGACCCCCGTAAGACCACACGACAGTACCAATAGCGTGATCGTGTTTCAACCCCTTGCCGAGACGTGCGCATCCACAATCTGTATAGGTTCGTCTGGAATATGAAGCTGTTAAAATTGATGGCGTTCTTCTAGGTATTCCTTGCACAGTGTTCAAGAACAATTTAGTGAATGACAGAGTTAT
Siganus javus,Siganus species,"Kingdom: Animalia, Phylum: Chordata, Class: Actinopterygii, Order: Perciformes, Family: Siganidae, Genus: Siganus, Species: Siganus javus",Coral reefs,COI-placeholder,ACCTCGTACCCAGTGATGCGATCGAGAACTATAGTACTGACACGGCATAGACAAGACTTAGTTATACGGCTCCACGTGTTTTACATGATCCAAGGCGCTGAGACCGGCCCTCCCGATATGTGTTCTCTTACATCATCCGACATATAGTTCTGGCGCATAAGTTCTAGGAGTGTTCCCTAGTAAGGGTCTTAACGGTATACATCTTCACAAATTCCTTTGCCTTACCATGGGCAGCGGCGTACCCGAAAAAAAAACAGCGTGCTGTCCCCGTGATACGTCCACTTCCGGGGTCCCTCACCACCCGCTAGCGTGCCGTTGTCACTTGACGGCCTGCTTGAGCAGGTCTTGTTTACGCCGTGCAATACCACCTGCCTTTCCGGAGTAGATCGACTTGTCCTGCTGTCCTGTAAGTCGGAGGTGAGCCCGACGCCAGTCTATGCAGCGTTGGAC
Mugil cephalus,Mugil species,"Kingdom: Animalia, Phylum: Chordata, Class: Actinopterygii, Order: Mugiliformes, Family: Mugilidae, Genus: Mugil, Species: Mugil cephalus",Coastal waters,COI-placeholder,AATACTTGGCTCGACGCCCACATAATACTCGCTACTGGTCTGAATCTGGAGGTGAAGTGTGCCGAGCATCGTACTGCGTTTTCCCGGACGTTCACGAGTCGCGTGTTCTGGCTGTTCTATTATGCTCGACGTCGCTACATGGCCGTTGGCTAAGTATGGTACAGAATTGGCTTCCGCTTGTCCCCACCTCGCCGAGAGAGCCGGGAGTATACGTATTATACTCCCCCTTTTCGAATGTATGCTGCTAGTAACGCCCAAATCTCTCTACTCGAAAGTACGGCGGGGGCTCCTGTTACTAAGAGGTTTTTTGATTATTCTCTGGCCACTCTGCACCGCATTCAGGAGTTTGTCTACGGTGCACGGCACATTATGTGGTAGGGATACGCCAGGTGAAGTGCTAGAAATTTTCCTCATTCAATCTCGTGTTCCCGTATTTCCGTACACGCCCAA
Valamugil seheli,Valamugil species,"Kingdom: Animalia, Phylum: Chordata, Class: Actinopterygii, Order: Mugiliformes, Family: Mugilidae, Genus: Valamugil, Species: Valamugil seheli",Coastal waters,COI-placeholder,GCCTATGCAGTCGTTGGTTAACGGTCTCGAGACAAAACACAGATCGGACGCATGTTCACTGGTCAAATTGTCGTACAGTCTCCCACGCGTTTCAGTTACGTTACCTGGATTAATCTGACTCGGGTACAGTAACGTTTGGAGGAGTTTCTTTATTAGAATAGTGTTATGGATCAAGCTACAATCCACCGACTGATGAGGGCGCGTACTTGCCCAACTATCCGTCCCCAATGCAACCAATTAGTATGGTTTGTATCTACTAAAGGACTTCAACAGAATTTCGATTCCCGTAAGTCCGCTTCCAGCTAGTCCTGTGTGGGTTACAAAATCTCGGTGACTACCTGTGTTAAGAGATGGGGCAAATAAACCACCCACCAAATGGCCGGCCCATTGAGGCCTTAATCGCATGCCCCAAGACGATTATCATCTGAGATCTGGGCGTCACCTTGTCGA
Gerres filamentosus,Gerres species,"Kingdom: Animalia, Phylum: Chordata, Class: Actinopterygii, Order: Perciformes, Family: Gerreidae, Genus: Gerres, Species: Gerres filamentosus",Coastal waters,COI-placeholder,GACCAAGCTATATAGCTGGACCCCGTTAGCCCACTCAACTGACCTCTCAACACAAGCACTTTGGTACCGTCTATGCTCTTACTCTCAGAACCCTGCTATATGCTCTTAAGACTATCGAAGGGGATAATCAAAGGCGCCTACGTTTATCGAGTATACGTGCGTGCTCGCTGTCCTCGGTGACGCGGCCCGCTCAACAGACCGGTGATAAGGTTAAACGACTAACGGGCACTTGTCTGTGTGCTCATGCATGTACTGATCAGGCCGATCATCTGGAAATCAAAAGCTTCAATAAGAGTCATAGGGACACGGGGTCCACGATTGTAGGGAGCGATTACACGCCGCAACGTTAGCCGACTCGCAACACCAAAAGTCTCGGCCGCCTTTACGTCGTATACGCACTTTTATTGTTAGTTTCTCGTGCGGACGAGGAGGAACGGGAGCTAGTAATAC
Tylosurus crocodilus,Tylosurus species,"Kingdom: Animalia, Phylum: Chordata, Class: Actinopterygii, Order: Beloniformes, Family: Belonidae, Genus: Tylosurus, Species: Tylosurus crocodilus",Coastal waters,COI-placeholder,CGCTTCCTCCGTAGACTCTTGTAACGACAGGCCGGCTGGAGACCTGTCGAATTCTCCAATCTGATTTGACTGCAGTCTGACGTTCGGCGCTCGATTCTCGGAGGCGTTGAGGTATCGTACCCTACACAAGCCCAAGGGATGTGAAATAGGCGGAACTTTGCTAAATGGATAGCCGTGAGAGTAAACATTGTGCGGCAGCGCTGCGGTTAGAAAAGCCTAACGTGAGAAATCCCGGTCATACATGACTATGGACCAGTGCAATCGGCACATACTTCGTAAATACGCACTGAGATGATGTGCTGACGTACGGCCATGCTTCTCGGAGAAATTCTTCGGGCGTCTGGTCCTAGCCGCGGCGCGCCCTGCTTAGCTGCTATTGGCAACGGTCCGAAAAACTCTCCACACTACGAAGAAGTGGTCCATGCTGCGACTCGAACGGAGCTTCTTCTT
Hemiramphus far,Hemiramphus species,"Kingdom: Animalia, Phylum: Chordata, Class: Actinopterygii, Order: Beloniformes, Family: Hemiramphidae, Genus: Hemiramphus, Species: Hemiramphus far",Coastal waters,COI-placeholder,ACCTCCCGCTTCCGTCGCTTGTCCGGCGGATACACCACGTGTATAACCTACCGAAGTCTTAGGCACGTACTGGAACTCTACGCAATATCCTCGACCCCGGCGTAACGGTACTAAATATGCTACCCACGAGCGTGAAACCTTTACGAACTTCAGAGGCCCGTGTTTCAGAGGATGTGAAGGAGTCGGCGACGAGTCTGGTGAGGGTATCCCTTGTTGTCGTTGTTCCCCAGCAGAAGGGGAAAATGATGCCGCCAAGTTATCCCAGAGTCGCTCAGATCACTTCACTGAAGTTGATTGGACGGAGCAGAAAGCTGTCGAAGGAAGAACCGAGGTTCTCCAGACGACGCCCGATAACATTTGACAGAACTACGACCCAAAAGAACGGTATGCTAAACGGATGGCCGACGCAGCCTATGTATAGACTATTTTCCCTTACCTGAACCACCCTCA
Cheilopogon pinnatibarbatus,Cheilopogon species,"Kingdom: Animalia, Phylum: Chordata, Class: Actinopterygii, Order: Beloniformes, Family: Exocoetidae, Genus: Cheilopogon, Species: Cheilopogon pinnatibarbatus",Oceanic,COI-placeholder,AGAGGATGAAGCGGCAATACTCTCGTGTATGAAGTAACCATTGCTGTACAATCAGGGGAGTCTGTTGACGAAGAATAGGGGGAAGACCGTTTGGGAATGGTCAGCCTATATAAGGCGTTGACCATTATTAGGTTAAAAGTAGCAGCCTTTACATACTATTTCCTGAATATCCCCAAAGAGTGAAGGACAGACTTTAGGAAGGACTTGTGCACGCCACCAGTGACACTAGACGGCTCCCGGAGCCAGGCGCCGCATAGGCGGGGAGGAAGCAGAACCGCTTCGAGGAACAGTTTCCAAGAACTTATGTATTGGTTGATACTCTCTAGCAAGGAGGCGACCAGAATCACCTGTTACCCTGAACCTTAAAACCCCCGAGTATCCGATCAGTAGATCAGGTCTGCTGGTGTAACTCGGGCTCACCTCGGCGGACCGTCCCTCCAACATGGTTCT
Saurida tumbil,Saurida species,"Kingdom: Animalia, Phylum: Chordata, Class: Actinopterygii, Order: Aulopiformes, Family: Synodontidae, Genus: Saurida, Species: Saurida tumbil",Sandy/muddy bottoms,COI-placeholder,AGGTCAAGTCACGTACCGGTCCACGCGGTCGTTTTGGCCCCGGTTGCTTCAGCGGGACCTAAATCTTAGTCGCGCATCTTAATGCGGCGCACCCCTAGTTTCTCTGCATTAGGCGAGCATGAGTTAACCATAGCACTTCTCCTTTTTCATTAAGTTACGTCTCACCCACGTCAACGCAGTGCAATTTCGGTAATTCAAATAAGGGAACCTCGGCAATCTTACTTCCCTCGGCCTTTGTCGTGGGATTGACCGAAAACGTTACGTCACTTGATGCTTGCCGGACTCCGCCCGTATATAACTACGATATTTAGGCAGTCGACCCTAGGCCCTGACACCGACCCCCAGACTGCAGCTCTCGGACCAAATCCGAGGCAGTAAACTCCTGGACTGTGACAATATCTACCTTATGGGTGGATGGTGTGGAACACGTCAGCCGCCATCGAGCCGCTC
Harpadon nehereus,Harpadon species,"Kingdom: Animalia, Phylum: Chordata, Class: Actinopterygii, Order: Aulopiformes, Family: Synodontidae, Genus: Harpadon, Species: Harpadon nehereus",Estuaries,COI-placeholder,TCTCTCTCGTCGTGTGCTCAACCTCTATATCTGCGGCTCCAGGAGGCAATCATTACAGAAAGAACATCCAAGCAGTAGAAGCCTGTCCTCAGCAGTGCCGTGAGGCACAGGTCGCCTGAGGCGCGTCTAATAAAGCGAGCCTAAGTCAAAAGACGACCTTGGAAGATGCTACACATGACGTTCGGATCCGGTAACTATAGGCCTCCGAGTTTAACACTGACTTGGCGGTAAACAAGGCTGTGGTAGCTACCGGAGAAATTGGCGGTCCAGATAACGAACCAGGTGTTACGGAGTAACACGTATCCCGTATAATGTTCCAGGAGATTTGTGAGCCCTTCTTCACCACTGCCCACCAATCAGGCCCCGCTCCCTGAGGTCTCGCTTGTAGCTTGACATACTAGCTACAATACTCTTGAGCTCAGCCGTCGTTATATATTCGCCATCTCTTAT
Arius thalassinus,Arius species,"Kingdom: Animalia, Phylum: Chordata, Class: Actinopterygii, Order: Siluriformes, Family: Ariidae, Genus: Arius, Species: Arius thalassinus",Coastal waters,COI-placeholder,GATTGTTTAGGGGTAATAACTACCCGTTCGGCGGTCCCATCCGGTGCCCCGGCTACGGCCAGTCCACGCACTTGGTCACCGTGTCTAACAAAGACGACACCTCGCTCTGGTATCGCTGCGTCCTGGGCAGATTTACCAAAGGCTAAAAAGTAACAAACGTTGTCCCGGCGACCCACTTCACCTACACAGGCAAATCCGATTTCGGCAGTGACGACAAGCCGTCGATCGCACTCTAGAGGTAGATTATCATTTCGAGCCCACGGCCAGCCGCGAAGAAGGGCCCGGATACGTGGTAATGGGTACGCTCAAGGGCCAAAGGACCAAACCCCACGTTTATTGCGCCGAGATTACCTTTTCACCTCTCCGCCCATTTGCTCCTGTAATGGGTCGCGTCCCGATTTATTGTAACGTTGGTATGTCCCGTAGACATCAAATTGCAATTCGTCCAGC
Plotosus canius,Plotosus species,"Kingdom: Animalia, Phylum: Chordata, Class: Actinopterygii, Order: Siluriformes, Family: Plotosidae, Genus: Plotosus, Species: Plotosus canius",Estuaries,COI-placeholder,TATGCTGCCTGTGTCTGTATCAAATCCATTATTCTAAATTCGCTGGCAGGAACGATTCTATCACCCGTAACTCTCAAAGTCATGTTCACAGACCTATTTCCATGGCCCAAATCTTGGGTTTATCGGCATAATTGCGGTTCTCGTCGGGTTAAGTCGCCCTCTGAATTGCATTAGAAACGAACCGCGCAAGGTTTGGTTTATTAAGTCGCTAAGCAACCCCGTTGAGTCACCCGTCTTGGTAATCAGTAAACGTGGGCTGGGGGAGTCTAAGTACGTCATCCGCTCTTCTGGATACAAGGCCGTCTCCGACTTTCGAGTAAAACAATAGTTCAAACGTTGGCACAGTATGGTCAGCGTATCTGACAGCTATCCGCGCGCCACGACGCACACGCCCTTTTATGTGTCCCTGGCATGACACTACGCTTGTAATCGTATACAAGAGATCGCCCG
Congresox talabonoides,Congresox species,"Kingdom: Animalia, Phylum: Chordata, Class: Actinopterygii, Order: Anguilliformes, Family: Muraenesocidae, Genus: Congresox, Species: Congresox talabonoides",Coastal waters,COI-placeholder,AGTTATCCTTAGCTTGGTATTGTAAAAGTAAGCTGCCTATTCCCGCCGTGACCAAGGTCCCTGCTTACTCTCCCCTGGCCTTTGACAGCAATCTGCGTGCGATACGAATTACTAGCTTTTCTAGGACTTAAGGCGCGGGCTCGATGTTCACGGGGCAGAGACATGAGATAACGCAACATCTCGAGTTTAGGTCTTAATAGCAATACTACTTCGACACCAAAGCCACACGATGAATAAAGTTTACTCTACGCGCAGACTGAGGAGCTAGCAAGGATCTCTTGGAGTTCGGGATATACGTCGAGTTATACGTCATTGCGGTGGTGTACTAAAAGGACACTGGAACGATCCATGTCGGGGGGGATACGGTCTTTTCACCAATTCGCTACACTGTCTACCAGAAATAGGACACCTCCTTCTCTCTGGTTGTAGGGACTATGGCAAGGCATGGAC
Gymnothorax favagineus,Gymnothorax species,"Kingdom: Animalia, Phylum: Chordata, Class: Actinopterygii, Order: Anguilliformes, Family: Muraenidae, Genus: Gymnothorax, Species: Gymnothorax favagineus",Coral reefs,COI-placeholder,GTCACATACGAAAGTGGTGGACTAGTACGTAATTCTTGTTTCAGGTCTCTCTGGAACTTTTGGGTGACGGGTGTGCCTAAGTCAGACAGCTCCCGATCTTTATTACTAGTCCACACGCGCGGTGAGTATAAGAACTGCGGGATATCACACACGTATTGTTGCGCGCCGGGGCTCTATCCCCGCAAGCACAAGGGTGATTCCGGAAATGCTTCAAGATGCGATAGTTGTCCAGCCCTCCGCAATTTATGCGGCAGATGCGCCGTTATATTTGTTAAATCAGTCAATCTTGAATCGCGAACGCTACCCAGCGCTTGATGGCTATCGGTCCGAAATGTGGCCAACAGAACCGCTACGTAGCGGGGAGAACGTGCTGAAATTTATAGTGAAATTATTAAGATTACACGGTAATGGGCCGCAAGTCGAACGGCAGACCCGCTATCGAGCTGTTAC
Chirocentrus dorab,Chirocentrus species,"Kingdom: Animalia, Phylum: Chordata, Class: Actinopterygii, Order: Clupeiformes, Family: Chirocentridae, Genus: Chirocentrus, Species: Chirocentrus dorab",Coastal waters,COI-placeholder,TCAGCGACACGTAAGGGCACAGGAAAAACATATGTGGGAATTCCTCCTACACTCAATTCTTTGCGGTATTAAGGCTGCGCTTCAGAGCTTTAACACCCCACGGGCGTCTGGAGCATCTGGCATTCTACAATCTACTCCCAACACAGAGGTTTAAAACTGCCCGCCGAATAACGTGCAACATGAAACTGAAGAATTAATGGAGCTATCTCAGACCTTCCGGCTATAAGTGAGCAAATAGTCAATACTCGTGGCACTACTGAAAAGTCGATTCGGAGAAGTGGGGTCGGTGACCTAATGCGGTCCATCGGCAAGTCCGAGGAGGAGCGTCCTGCCTTTATCGTCCTAGATAGATAACGGATGAGCACAAAGTATAAACCGAGGGGACACTATGTGATAGAAACAGGAACGAAAAGACGATCAGGGGCATCTGCGGCTACCCGGTGTAAGTTG
Ilisha elongata,Ilisha species,"Kingdom: Animalia, Phylum: Chordata, Class: Actinopterygii, Order: Clupeiformes, Family: Pristigasteridae, Genus: Ilisha, Species: Ilisha elongata",Coastal waters,COI-placeholder,CATGGCCGTGCGCGGTTACATTGGAGATTAGTGTCCCCGCTGCGTGCTCATCTCACTTTACGGCGCGAGCACATTGGTCGATTTTAACGAACTTAATTTCCGGAATCCAGGAGCCAGTACCAATGCCGGCAGCCGAATGACTACATTACCTCTCGTGACGATATAGCAATCTGTTCATGAACACTGACGTTACGACTAAAGCCAATTCCGGGAGTATGGGTTTAGCCCTAGCAGAGCTGCTGGAGCGCTACTGGCTAAAAAAAGGCATATTAGGCACGATGCGTCCCCGCAGGGGGAGCATCGCTACCCTTGTAAAGGATTGAGTAACAGGGTATACTGCGAGGCTCTTTCGGAGGCCCGCCCGCTTGAAGGAACGGGATTAGTGCTCCTCCTGCCATAAAGGGTTTCGTCTGTTCTGTTGGGAGCTAATAGGTTAGCCGATTCTATAGT
Opisthopterus tardoore,Opisthopterus species,"Kingdom: Animalia, Phylum: Chordata, Class: Actinopterygii, Order: Clupeiformes, Family: Pristigasteridae, Genus: Opisthopterus, Species: Opisthopterus tardoore",Coastal waters,COI-placeholder,CATCCTGATGAAAGAAGAGTTTGACCTCCGTCATGGATTGGGAATCTAGTCACGAATATTTTGTGTCAGTAGACTTTGTGGGCACGGTTTTCAATTCCCTGTTCCCTTCGCTCCCGCGTAAATCTTGGGTGGCTACTACTTGGGAGGAATCGTCTTATCAGGCAGACCTCACAAGGTGCAAAGTATAGTTGTCCGACCACGAATACTTATGGCTAGGAGGAACGAACTCGTTGCTCCGTTTGCTGCCTACCTGGGATGTTTGGCATGATCAGTGCATTTAACGTTACGTACCGAACCCACTGAAATGTGGAAGAACGCTTTGGGCAAGGTCTCAGGGTTTGAGATTTGCATGGGCAGACCATTTCCAAGGGACGACATTACTGGACGCTCATCAACCCTCTATGTCACAACGTGACACACGCTTCAGCCAAGCGGCCCCGTGTTCGAAGG
Coilia dussumieri,Coilia species,"Kingdom: Animalia, Phylum: Chordata, Class: Actinopterygii, Order: Clupeiformes, Family: Engraulidae, Genus: Coilia, Species: Coilia dussumieri",Estuaries,COI-placeholder,CATTGTTCGTCAATTGCATCTGGGGGCCCGACGCCAAAATGCGTAGCGGCTGCAATGATAACGTAATCGGGTAAATGGCTGATAAGATGAAGACCATGCGAGCGCCAAACCGTCCACAACCATAGTCGCCCGCGTATCGGAAAAGTCTAGCAGGATCGCTGTGCTCGTTACCCCCTCAACTGGACTGGGAGGCAATCGTGAATATCACATAATCCACGGAGCTGCCTTTCTGTCCCGCTGTTCCGTGGTGACTATCGTCCGGAATCGTGAGCTCTGGCTCTCATCCTAACCTTGGCTCATGTATGGACGTTGTTGGGGGCCATCAAAAGAGAGCCGTCGTCAACTGTGGGCTCTTTCGTGATACGAGCGTAACGTTGTAACACGAGATCAGCAGGTGAACAGATCGTCCACCTAGCATCAGCGGGCGATGACAGACATGAGAGCTACGTT
Thryssa mystax,Thryssa species,"Kingdom: Animalia, Phylum: Chordata, Class: Actinopterygii, Order: Clupeiformes, Family: Engraulidae, Genus: Thryssa, Species: Thryssa mystax",Coastal waters,COI-placeholder,CCTCCATGAAACACTAGAGCGTCAAAAAATTAAGCTGGCTACGTGAAAAGAACGGGGCTTCCGGCCGGGCCTCAATTGCGGACCGCACGCCCCCTCAGGGTCTAGATACGGACTGTCCGCGCTCCTCATTCATATCTGATTATTAAGGTGAGCCAATACTCAGGTCTACGTCCGGCGCTCTATTCTAATAATGTCGGTCATGCGGGGGCTTGCTCAATCTTTTCTAAATTTAACTTAGGCAAACTTACAACACTCGTTAAGAACCACAGGCGTGAGATCTGCAATGGCTGTAGAATATCTTGCTCAACGGACGGTGCGGAACACATTAGTAGTTCTTATATTCTTTCACTCAATGAAGGGCCACCACTACTGGTCCAATGGTGCAACGTAGCCTTTGCTATCAAGTTTGATGTCTGCGAATCTAGGTATTACTGTTCTACTGCTGTGGAG
Setipinna phasa,Setipinna species,"Kingdom: Animalia, Phylum: Chordata, Class: Actinopterygii, Order: Clupeiformes, Family: Engraulidae, Genus: Setipinna, Species: Setipinna phasa",Estuaries,COI-placeholder,CCGTCGGCGGAGCTCGCTGTGCGGGACGACCGACTACCTAACAACTATATGACGTGGATCTAGGGACCGATCCATTCCGGTATATGCGAGGCTAGTGACATGCATGACTGTATAGTAGTTGACCTGCAGGATCTGAGAGGCATGACACTCAATCCACCTGGCATTATATAACCGCACCAGGAGGTATTTGCGAGACCCTGAGCGACTATTCTCATGGCGAGACATGAAGAACGATAGGAGTCTAGTCCGTATCCTTTGGATGTGAATTCCGTTTACAGGTAGTGTCGGGATTCTATGACGTTCCTGAATTTCGTGAACTGCGTCGGGTTGACCGCAGAGTCGAAGTGGAACGACCTCCGTCATACAGTATCGAAAATCTGGCACCGAAGCGGTACGGATCCGTTAATTATGCCGTCTTGAGCAGCTTTAGCCGCCGAAGCATGGCATAGG
Nematalosa nasus,Nematalosa species,"Kingdom: Animalia, Phylum: Chordata, Class: Actinopterygii, Order: Clupeiformes, Family: Dorosomatidae, Genus: Nematalosa, Species: Nematalosa nasus",Coastal waters,COI-placeholder,AATGGGACTAGCTTCTTGCCGTAGTGTTGTGTATAGGCATCGTTAAGGATACACCGTACCAATGACCCATAAAAGTGGTCACGTGAAAGTGGGGCAATGAAATCGCTGCTAGGTTTAACTGTGGGGTCACCAGACACTCTTGTATGACGCTGAAAGGTCCACCCTGATTGGTTAAACGCGCAGTACAGTTATCCACAGACAACTGCTCTCGGCAACACTCAACTAAACGGTAACGGCACCCCCGGTGATGGCACGCCGCCTTGCCCGGGGGGTAGTACAGGTTGAGTCTGATGTACATAGCGGGGGAGCATTGGCATCCAGATGATTGGGTTCTGCTACGATACACTAATATCGTCTGTGCCTTTTACTACTTTGCCAAGAATAATGGACTCCACCCAACGTCGCGGGTCATGATTCTGGATTTACCCTCCATATCGAGACGGCGGTATT
Anodontostoma chacunda,Anodontostoma species,"Kingdom: Animalia, Phylum: Chordata, Class: Actinopterygii, Order: Clupeiformes, Family: Dorosomatidae, Genus: Anodontostoma, Species: Anodontostoma chacunda",Coastal waters,COI-placeholder,AAACTGCTGTGCCGCCCACTTTTGAACTCGCTGTAAGAATAGTACGAGTCTACCTATACCCGCCCCGAGAATTATCTAGCCGGCTGCTACAAGGGGGCGGTTAGGGGGGCAATCGGATCTCCTCAGATAGGCAGTCATGGCAGTCAGGTCGGCAGATTGGCTAGTGCTGGTACACCAACCTAGCAAGTCCGGATGGCATTACTTACAACGGTGGCCCAGGAGGATAGTAGGCGTTAGTATCTCGGGAACTCAAGATCCAGCTGGAACAATACAAATGAATTAGTTTTCCATGAAAGCAGTTTACAAACTCGACTTTCATATGCCGAGTAGCCTAATTTTTCGTTGCAACTCGGCACTACGGAGAAACTTATACGTCTGGGTCTCATGGATGGAAATCGTGAGATGCGGCCCAACAATAATTATTATGTTTGAGTTTAGGTGATATAAGGG
Scoliodon laticaudus,Scoliodon species,"Kingdom: Animalia, Phylum: Chordata, Class: Actinopterygii, Order: Carcharhiniformes, Family: Carcharhinidae, Genus: Scoliodon, Species: Scoliodon laticaudus",Coastal waters,COI-placeholder,GATCTGCCCCAGCTGCCCTCCCGATGTGCGTCATAGAAGCACAAATATAACCTTCCGACGCTCGTAGCCCAGTGGGGGGGAGGCAAACTTAGCGCATCATTTATTCTCCTTTATAGCCGTGGTCACCATAAGATGAAATGAGAAACATCCTAAACGATGATCCGGGGAACGGTCGAATGATCAGGGTTAATCAGCTCCCTACGGTCGCCACGCACCCGACGACCCAATTTGGGCCGATTACGTTCGTACATTCGGGAGGCGCTGTAGGTGGATGCGATGCTGAGGGGAACGTGCCCAAAGGAAATGGCAGCATTGGCCTCGCACTACGTAGCCCGATCTCTGCTATCTAGTCTATCGGATCCTCGAACTGGACGTGACTCATTCACCTGTACGCCTGAGATTCCACTAATACATTGTGCTAACTTACTCATCTAGTAGATATTGAGCTGG
Carcharhinus limbatus,Carcharhinus species,"Kingdom: Animalia, Phylum: Chordata, Class: Actinopterygii, Order: Carcharhiniformes, Family: Carcharhinidae, Genus: Carcharhinus, Species: Carcharhinus limbatus",Coastal waters,COI-placeholder,TTCGTGGTGGCCATGGAAAGACCCTTTTGACTGCTCACAAATTGATAGGTACTGCAGTAATGAAGCCAAATCAGACACTAATGCACTAATGGAGAGCGAGTGACCAGGTATCCACCGTACTAATCCAAGCTCAACGGTTGGTTAGGGCCAGCCCAACCTCAGGTTGCTCAGAAAGATTCTGAAAAGGGCCGATCGCACGCTGTCATTGAGTCGAGTAGAGAGCCCAGATCAGGGCGAAGTATTGGGTAGCTGTTTCATTATGCAGACTGCACAGCATGCCATAATGTACTGGAACCGCGGCGTCATTTTCTTATCTCAGGAGCCCGGAGTGGCTCGGGAGGTCGTGTATATCCATGAAATAGTATTTTATGCGCAATGCCGGGAGTATCTGTAAGCATTCTAATCGTATCCACCACACTCTGAAGGGGATGAATTAGATGATCTTAGGCT
Rhizoprionodon acutus,Rhizoprionodon species,"Kingdom: Animalia, Phylum: Chordata, Class: Actinopterygii, Order: Carcharhiniformes, Family: Carcharhinidae, Genus: Rhizoprionodon, Species: Rhizoprionodon acutus",Coastal waters,COI-placeholder,AGGACGGGTGGTCAGACGGAAGCGCCATTATGCGTAACGGGCTAGTGCTTCTCATCCGCTCATAGATTAACAACGCTTTATAAAGGGATATACTCTGTTGAATATGAGACTACATGAGTTCCATGACATTACAAATTCGGTACGTTAAATAACCCAGAATAATGTTCTAAATGGAGATCACTCGCCCCCGGTAAGGTAAAAGCCAAGTAATACCCCGTGACACTGCGACACTCCGGGTCCGGGTAGCTTATTCAAAGTGCCTTTGGCTGTAATACCTAGCAAAAACTAGCGAGTGTACCTTCTCCGATAACAGTAGGCGTGGCGAGCTACGGTGTTAGAGAGCAAAAGAGGTGTCGAGCCCAGCTGTGACACTGCGTAGCACCGTGTACCTCTTAGGATCAATGAAGAAGTGGTAGGTTCGAAGGAAAGTACAGGACCGATACTCTGAGC
Galeocerdo cuvier,Galeocerdo species,"Kingdom: Animalia, Phylum: Chordata, Class: Actinopterygii, Order: Carcharhiniformes, Family: Carcharhinidae, Genus: Galeocerdo, Species: Galeocerdo cuvier",Oceanic,COI-placeholder,CATATAAATGCAGTCCTGGAAAAAACGCTCTATCCTTCTTTCCGCGTAGATTCAAATCCCGATGAAGGCTCCGCTCACGCGACTCTCGTAGGGCGAGGGCTACTGGTTCAATATTATCCGTGAGAACCTGAGGTCTGAGTTTCAGCTCGGGTTCCCGGCCTTACTGCCGTGTCACTGGCAGTCACGCTTCTGGTCAGTCTGAGCACTGTTAACACCAGTCCTCGTTCAGGTTGTACACAGTGGTGTACGACGAGTTGTTAACCGCTGCCCCAATTGTAATGAGTACATCGAATCCCATAGCTCCTTCTAGGCAGAAGTGTTTGCAGAGTCGGAAAGGTGCGTCCCCTATTGTCCTTGTTCGCGTGATACCCTAGAGTTATACTGTCTGGGGCGAGGGTCAGAATACTTCGCGTCAAAAGCCAAGTAAATGACATTATATAGGACATGTAC
Sphyrna lewini,Sphyrna species,"Kingdom: Animalia, Phylum: Chordata, Class: Actinopterygii, Order: Carcharhiniformes, Family: Sphyrnidae, Genus: Sphyrna, Species: Sphyrna lewini",Coastal waters,COI-placeholder,CGTCATGCTACGTACCCTTAGAGGGTCATCTCGTATATACCATTGGAACGGACAATGCTCTTTGTCGGTGCTAAGATACAATAGGATGAAGGGGGGGGGGTACGGTGCTCGTGGTCGTAAGCCGACGCAATAACCGTCTCTCTGTACGAATGTCGATGATACTTACAAGATATTATTATAAGGTATTGAGAGTGAAGCCTTCATCCTATTAGACTCGTTTTTCAACACCTGTGAGCGGGATAGAAATAAACAGTTCCAAAGATTCGAGTTACTCGCGGATGTTAAAAAAGCTTCATAGGCCGAGACATTGCCCAGAAGGGACATTTTGTTAAGGGTGACCAAGTTACATGGAATCCTTCATCGTCACTCGGATGCGGGTCTAATTTCGATGCTAAGTTAACAGAACCCGACCTGAAGTAATTAATAGCAAGACAGCCTCGGTGTATGACT
Stegostoma fasciatum,Stegostoma species,"Kingdom: Animalia, Phylum: Chordata, Class: Actinopterygii, Order: Orectolobiformes, Family: Stegostomatidae, Genus: Stegostoma, Species: Stegostoma fasciatum",Coral reefs,COI-placeholder,TTGGCCATGAAACGGTCATGGGGAACCACGGTGCGCAACCGCGTGTGCGGTTATTCGCGGTCGCTCAAGTTATGTTATTCCTCGTTTGAGGGTGCCGGACAGTCAGAACCGGTACTCCTCAAGAATCATCCCTTGCCCCTTTGCAACGCTTTCGAGCTAAAATAACGACCATTCATTACACACAAAGGACTTTGTATTCCGAAACGTTTACATTACTGGTTTGGCGCCCCCTTGGTAACCCCTTAGGGAAGCCATCGTCAGTAGATAAGGAAGTTGGTATTAACTCATCTCCGAAGGACGCACACTCTCGAATGTAACCTAAGTCTTCACATTCAAGGATTTCTCGGCGGTCCGTAATGGCATAACCTCACTCAAACGTAGCACACACCGATTGGCGATTGGCTAACGCTTGTTAAAGAGAGCTAAATAAACTACCACCGTACTCAACGA
Chiloscyllium punctatum,Chiloscyllium species,"Kingdom: Animalia, Phylum: Chordata, Class: Actinopterygii, Order: Orectolobiformes, Family: Hemiscylliidae, Genus: Chiloscyllium, Species: Chiloscyllium punctatum",Coral reefs,COI-placeholder,CTAAAGAAGACGTGACTAGGTCTCATGTATGGTAAGGATGCAGAAGCGAGTGGTAGCGCCTGTGATTGTATCCGTGGCTTTTCAACGTCGCACGATGGGGTTACCAAGGCCCCAAATCCGGGATCCTGAAAACACCCGTCCTGTCCTCCATAGGCTTGGGATGGTGTTTTACCTGTAGCGCATTGGTACGTCATAATTTCTGGGATTTCCCTCATCGTTCCTTACAATTTGGATATAATCCTAATGCTGTGCCCCTCGGGATCCGACTCACAACCGGTACGTGATTCTGATCTTAGTCGAGACCGCCGGCCGATCAAGTAGTACGATACATGCTACAACAGATTCTTGCCGAGATTTGTGCGCGGGGTGCTAGCGCCCCAGCTCTGTCTAAAATATTGGACTAATCCCGGGAGGCAGTTACAGTCTTCCGGCACGGTGTGGTGCATGGCT
Rhincodon typus,Rhincodon species,"Kingdom: Animalia, Phylum: Chordata, Class: Actinopterygii, Order: Orectolobiformes, Family: Rhincodontidae, Genus: Rhincodon, Species: Rhincodon typus",Oceanic,COI-placeholder,CAAGGAGCCCTCGGGATATGGCAGCCAATGCCGTCCTTACTGATCTTGAAATGACTGGTTGGCGCTCCCTCGTACGTTACCAGCACGAGGTTGAACCTGAGGCCCGGCATCTACTTGCGTTATTAGCATCACTGACCAGCCACAAAAGTTGCCGTCGCATGTAGACCGTAAACATTTATAGGTGGCCTAGTTGGTTATCACGGACCGTATGCAACAGCGCTGGGCTGCACGAGCGGAGAATATTGAGGTTTGCAGATGGTATGCCTTAATCACTCCTCCCGGTAGCTAGGACAGCGAGCTCGTCGATGTCCTTCGACCATGGAATAACGTCTTGCAATTAACCTGGTATAGCCCTCCGGACGCCTCGATTGCGCCCCCCACAGAGGAGGGGAGTTTAGCTGCGGCATGGGCTACCTTATCTTAAGACCAGGAAGACGGTGTCACCGCTCT
Aetobatus narinari,Aetobatus species,"Kingdom: Animalia, Phylum: Chordata, Class: Actinopterygii, Order: Myliobatiformes, Family: Myliobatidae, Genus: Aetobatus, Species: Aetobatus narinari",Coral reefs,COI-placeholder,ATCCGGCTAGTTGCCATATTGAGAGAGGTGCGAAGTCTAACGACAAGACATGTCATCACATCGTAATTGAGGGTATTACTGATCGACGCCACTCGTGTGTATTGGCTTTGATGCCCGGCGAAGGCAGGGTATCTGTGCAGGTCGTGTTAATAGATCCCTTTTCGAAAATCGACCTATTGCGCGACGAAATACGTTCCGCCTTCAAATACCGCCATATACATATTAGGGGCAAGGAAATTGTCGATAGAATATGGGTAAATGGTTAGTCTTGTGGCGCCATCACGCCTAAGCCGTAACCATATCCGTGCTGGTCCGGATAGGCAGCCCTAAATGCATGCAGAACCCACGGCTGTCCGGGTAACCTCGTACGCCCTTCCCGAGGAAAGAGTGAGCTCTGCCCTGCATTCACCGATTAAACTAGTGTAATCTCTTGCGGCGGATTTGATTTAG
Himantura uarnak,Himantura species,"Kingdom: Animalia, Phylum: Chordata, Class: Actinopterygii, Order: Myliobatiformes, Family: Dasyatidae, Genus: Himantura, Species: Himantura uarnak",Sandy/muddy bottoms,COI-placeholder,AGCTCACGTAAGGACGTGGATATGGCTTTATGGTAACCATCCATTGTAAGGAAACTGAATTTCACTATTCGCGACTTATCACTTATCACCCCTGCCATCCAGTGTCTGATTAACGTCACAAGTAACGATCGGCTAAATTGACTGACGTGCATACCGGGCGGACTGCCAGGCGTGAGCCGACACGTCTCCTCTCTCGCTAGGTCTTAAGCTCATACATGTTTGACAGGGGTATGTTCGGATTAATATTCACCGTACCATCCGCCGGCTGCAGCCTGTGTGGTGAGTGGTTTTGTGGGATCTTAAAATATGGCGGCTCTGTTATGGTTGCCTGGGCTCTGATGTCAGCAACACATCCCGCGCATACACACGCGAGACCGGGCTCTGAACCCATGCAACTATATTGACGGTCACCTGCCTGATTCAATGTGCGATGTATGGCTTGTTTGACCG
Manta birostris,Manta species,"Kingdom: Animalia, Phylum: Chordata, Class: Actinopterygii, Order: Myliobatiformes, Family: Mobulidae, Genus: Manta, Species: Manta birostris",Oceanic,COI-placeholder,GCTCTATGCGACTGACGTTCGCACGCAACCGACGGGATGCTACTAACCCGTTTCAGACCCATTAATTCCCTTCATGAAGGTATTGTCAGAGCCGCCACAACACGTTCGGTCGGCAGATTGTAGTGTTCTAAAGCGTCATTGCCTCCTTAACCCTGTAGCTCACTCCTCTCGAGCTGCTTCTAGGTTCATCGTCTCCTAGTTAGACGACAGCATTACGCCGTTAATGCCCCACCACTCGCTCGGAATGGTTTGCGGTAACAGATCATTCGTCCTGAGATCCGTTAAAGCAACGCCTATTTAGATTACTTAATTAATCGTAAAGTCGCAGCAAATAACGTCACTTGCGAAATATCAGTGTAAACACGCGCGAACGGAGTATGAACTGCACGTTGTCTCTAAGCGCGTCCACTTTGCTTGGCTGAATGCGACAGTTGAGAAGCTGACTCGAAC
Anoxypristis cuspidata,Anoxypristis species,"Kingdom: Animalia, Phylum: Chordata, Class: Actinopterygii, Order: Pristiformes, Family: Pristidae, Genus: Anoxypristis, Species: Anoxypristis cuspidata",Coastal waters,COI-placeholder,CGCTAGCATTCCTGGTCAGGATGAGTTAAAAGGCCAGCCAGAATCCCGAATTTCTGATCCCAGATCTTTCGTCCTCTTTGCACGTAGAATTGTTTCGAGATAGAATATTCTTCACACATGTTGGTCTCGTTTAATACACGCTAGAAAAGGTATTCTAGCGATCACTGAGTCACGTACGCACTCAGTGCCTGTGATCCGCGTCGGGTCCCGACACCAGAAAAACCAAGGAATAAGAGCTGAAGGTTCCCCGAGCAGAGTCCGAGGGAGGCATCCACCCGTCTCTGCAGCCAGAATTCTGTGAATTGGGGAAGCATTTCCCCGCCATTCGTGGGCCTCCCTGGGTTATAAACCCGCGGCTCGTAGTATGCACAAACCGTGGATGGTATCCTGTCCATATCACCGTGCAAGAGTCTTCATAAAAATCTCGATTACCGGGCTGGTTGTGTCCAC
Rhinobatos djiddensis,Rhinobatos species,"Kingdom: Animalia, Phylum: Chordata, Class: Actinopterygii, Order: Rhinopristiformes, Family: Rhinobatidae, Genus: Rhinobatos, Species: Rhinobatos djiddensis",Sandy/muddy bottoms,COI-placeholder,ACCAAGCTCGAACCAGTCGCGTCGGTCGGTAGTGCCCCCCGCGAGAAGAAGCTGCACACTCCATGCCGCGATAATCTCTTCTACACGTAACACATAAACCTATTTGCTAGGTCGTGCGTCAACGTTTGCCATTAGGTATATGCCAGGGTACCTCTCGAATTTAGCTCCCGACGGCCGAAACCGGGCAAGCTCGCTTAGCAGCTCGGATGGGCGTGTCTATATTGCCACCAGTTGCGAACATAACCTTTTGGTCTATGAGAGCAGTGGAAGGATGTGTCCCCTATCCTCATATCTACTCTAGGTTCATCTACTCGCACCCGAAGCCACAAGGGAGTGTACTCGAAAAGTAGCATAATACCTTGCGCGGAGTAAGACACTCGCTAATGGGCTCATGTCATCTAGACGTACCTCAAGTATCGGTCACTCACATCCGCTCTAATACACTGTAAT
Glaucostegus typus,Glaucostegus species,"Kingdom: Animalia, Phylum: Chordata, Class: Actinopterygii, Order: Rhinopristiformes, Family: Glaucostegidae, Genus: Glaucostegus, Species: Glaucostegus typus",Coastal waters,COI-placeholder,ATGGGTATATATCGGCCGTAGCCACGTCGCCGCCATGGTTGAAGCAGCGGAGGAACACACCACCAAAATTAGATTGGCGATTCGGCAAATACATGGCAGCATCACTTTAACTCATAGCCACACTGGTAGAATTTTCTTAGGCGAATACAGCATCCTAAACAGGGAGCGCTCGCGATGAACATGCAGGGCCCGCAGACAGGTACATAGGGGTTATTCGCAAGGCGAACGCGGGCGAGTAAAAACACGTTGATTGTAGCTCCCAACCTCAGCACTGCCGGAGGAGAATACCTGCCCGGTATCCGGATGTAATGTTAGTTCGAAGATTGCTCGTAGTTCGTCCAATAACTCTGCAGTGTTTTTATCCACGCCCGCCGCTTCGCCATTAGCACCATAAGCTCCTCGATACATCCTCGTAGTGGGTTTTATGCCAGATGGCTACAAATTTAATCT
Dactyloptena orientalis,Dactyloptena species,"Kingdom: Animalia, Phylum: Chordata, Class: Actinopterygii, Order: Dactylopteriformes, Family: Dactylopteridae, Genus: Dactyloptena, Species: Dactyloptena orientalis",Sandy/muddy bottoms,COI-placeholder,AACTTGGTTTTTCCTGGTGCCTGGGGGTAGTCCTGAGCATCGCTTCGTCCTGCTCTAGACCTGCCGCTTCGGACTAAACAGGTGCTGGATGCAGGTACTAAGACTACACACACATAATTACGGACCCAGATGGTCAGGCGTAGACTTCTACGAGAACAGTCTGTGGTTGGGGACAGCGTATTAATTGGTCCCAGCCCCCGCCCCATAGCCTTTAACGTGCCGGTCGGATATCTATCCGTTTGGGACGACCCTGTCTACAAAGTGAGATATGACAAGGACCCAAGCCTCTTTATATCTTACCGGTACTGTGACCGCACCAGCAAAAGAGGAAGACTCCGCGTGAAGAACAATTGCTGATGTCGCACGCGCCCAGGGAGTCCGGCTCGAGCCAAACGGTTACGGTTGCCCGGACCTTACCAGTTTTTCGAGATGCCTTTGGAAGCGATGCTC
Pegasus volitans,Pegasus species,"Kingdom: Animalia, Phylum: Chordata, Class: Actinopterygii, Order: Pegasiformes, Family: Pegasidae, Genus: Pegasus, Species: Pegasus volitans",Sandy/muddy bottoms,COI-placeholder,GCTCCACCGCATCCGTCCCTATACCAGTCTACGCGCGCCATCTTTCGACTTTACTAAACACGTATTCAAAAAGCGTTAGGCAGCCATTATCGTGATTAATTGCGCGACGCACTCCTACGATGTATCTTGTTTCGTTTGGGCATCTTGAAGCGTTTTCAGGCAGAGCTTCGCAAACCTGCTCCGACGTCCGACGCAGCTTGCCTGAACTCTGCGATTGAAGGGCGTCATGAGAACCCACCAACGATAATGAGTCCGTATGGCATGGAGAACTTCATCAAAATACGGGGTCTGAACTGCCGCTCCAAAGCATCTCGTTAGCCGGATAGAAATGGATGAGTCGCTACGAGCCGGAGCTGAGCCTGAAAGCAGCTATTGTTAACTAAACATCTAACCTTACTCGTTACTTCACACGTTAACTTAGAAAATGCTAAGCTCCAGGTGTAACCAACG
Aulostomus chinensis,Aulostomus species,"Kingdom: Animalia, Phylum: Chordata, Class: Actinopterygii, Order: Syngnathiformes, Family: Aulostomidae, Genus: Aulostomus, Species: Aulostomus chinensis",Coral reefs,COI-placeholder,TATCTTTTCCGACCAACTTAGCCGAACCAGCAGTATGTCTAATCCGTCTTTCTAATTGGTTCGGTGCACGTCACCCGATCCTGAATTTTATGGATCCATATAGAGACATTAAAAGCGCGTGCTATTCAGATTTGGATGCGTTGTTTCACGGAGGAGCGGTAAACTGGGCCTCGCGGCAGCCCCAGACTATCGAGTGATAGCCCTCCGGGAGCCTGCCCGTCAAAACTTTAGTTGCATGGGGGTACACATGCTTGAAGATCTAAAAACAGACGCGCAAGACACATCCAGGGCAGCCGGTGTACAGTATGATCAAGGATTGACAAGAAGTAGACTAAGGATTTTTATACGGTGTCTTGTCACAATCCACGTCGGTGGCCTGCCAGTTGAGGCGCGACCATCACCCAGAGGGAACTAGGTTCTTAGGTTAATAAGTGGGATTGTCCTACGCTC
Fistularia commersonii,Fistularia species,"Kingdom: Animalia, Phylum: Chordata, Class: Actinopterygii, Order: Syngnathiformes, Family: Fistulariidae, Genus: Fistularia, Species: Fistularia commersonii",Coral reefs,COI-placeholder,GGATTGTCTAACATAGGGGTGAGGCCACTGCCCGGACGACGCCCGCGGCAAGCCGAGACTAGTAAGCATATGGATGATGCTAATCCGGCTTCTGTAGGACACAGGTACAGGACAATGTGAGGGGATGTAAAATCTAGGTCTCCGGTCCAACATAGGAGGGGACATTCCTTATCGCCGCAGCGGCTCCTCAATGAACAAACATATAAAAAGCTGTGACATTTGACCGTGCCGGCGCACCCACGTGCGCAAGCTGTACCCGAGCCGAGAGCCGGTTATTGGGATACCCGACTGTACGGATACTCTACGAAAGACCTATGCGGTGATTGAGGGATCCCGGTCACTATTATCATATAAGCATTCCGCGTTGACTGCAACAACGGGCCGCGAGGTGTAGGCACTACCTTTTGCTTTGGACCGACGCGTGGTGTCGCGTCGCAGTGTCAACTTCGT
Solenostomus cyanopterus,Solenostomus species,"Kingdom: Animalia, Phylum: Chordata, Class: Actinopterygii, Order: Syngnathiformes, Family: Solenostomidae, Genus: Solenostomus, Species: Solenostomus cyanopterus",Coral reefs,COI-placeholder,CCCCGGGGCAGTTCACGTTTGCTCACCGACCTGTGCGTCTATCGCAGTTTTCATCAATGGGGTCGTCGCGGATGATTATGCCCTCTTATCAGGATTACTCTCCAACCGGCCCTAAACACCTCCAACGCTGGCAGTTGCTCGCGTCGCCGTACTTGCGTTCGCCCAAGGCAACCCTACTTTAGCATGAAGTGGTTTAAACGCAGACGCTCTGGGACTGATTATACGGCGTGTCCCGACTGAGTGATACGTTCAGCGCGCCACCTAGATATTAAGGCACTTACGCCCTAGCTGCCCGCCTACCATCCCCAAACACACTTCGAACCGATTGAATCGGATGCATGACATATGATAAAGACGCGCCAGCCCGGGCCTTGGATCACGGTGCGTCTTAATCCGTCACACTTTGTTAATCATCCATTTTCTTGTAAAGACTTTCTCTGTGGTTGTAGG
Hippocampus kuda,Hippocampus species,"Kingdom: Animalia, Phylum: Chordata, Class: Actinopterygii, Order: Syngnathiformes, Family: Syngnathidae, Genus: Hippocampus, Species: Hippocampus kuda",Seagrass beds,COI-placeholder,GCTATTAAAGGGCAGTAGTTGAGATGGGAGCAATGAGGGGACTGGATCCTGTCAGACTGCCCCTTGTGGGCTGCCTAAGACGTGGTGGCAGGGAATCGGACCGTATAATAACCAGTCACATATCTGTGCAGCTACGCAAGCCACCCGTGGGAGGCTCCTGGTAGCACTGCTCCGAATGTATGCGGGCAGCCCAAGTCATAATTGCAAGCAACGAAAATACTCGTGAGGCTTTCGATGTCGGAGGGAATGAACTCCGGAGAATGTCGCACGTTACGACAGTACATCATATGACATGACAAAAGCAGGCGCACAATCTCGCAGTCTTTAGGCGGGAAGGGTAGCTGCTATTGGTGACTGTCCTTGAATCCGTGCTTTTGGATTTTTGCGCGACATTATCTATTGCCCCAATGGGAGGTGCTCTTAGTGGTGGAACCGATAGATAGCCGGCTG
Trachyrhamphus bicoarctatus,Trachyrhamphus species,"Kingdom: Animalia, Phylum: Chordata, Class: Actinopterygii, Order: Syngnathiformes, Family: Syngnathidae, Genus: Trachyrhamphus, Species: Trachyrhamphus bicoarctatus",Seagrass beds,COI-placeholder,CGTAGTCGTCATAGCAGAACCTAGTGTCATCTTTTCGGCAACATCGGGATAGGACTTACGATATCCACCATAATGATTTGACAGGTCTATTAGCGGACACGTCCAGGCGTCATGGGCCTCTTATGCACGAGTGTCCCTATGGGGACAACCTCTAGCGGTATCATGGCGAATCTTGTAGTTCGAAAGGTCGCGACCATCATGTCTGCTATCAGGACGACAGAGTCCTAGGCTTGCCGGTTTTCAGTGCTGGTCATAATTATATCTGGTTGAGCGTGCACACCGGCTCGTTCTACGTACACCATCATGAACCAAAAGACACGTCCACGAATGGGGATGATACCTGCTTCCTACACGCCGCTAAGGGCCCACTAAATAGCAAGACACATGACTGTTAGAGGTGGTGATGAGCAAAAAATCAGGTATTATCGAAGCTTAGCGGGCATCGATACA
Scorpaenopsis diabolus,Scorpaenopsis species,"Kingdom: Animalia, Phylum: Chordata, Class: Actinopterygii, Order: Scorpaeniformes, Family: Scorpaenidae, Genus: Scorpaenopsis, Species: Scorpaenopsis diabolus",Coral reefs,COI-placeholder,CTTCGATATGTTATGGGTTCGACACTTTTAGCGGAATCCGAGTCTAGGATGGATATGAATCACTAGCGCTAAGTCGTTTCACATAGGGAGAAGATGGTCGTTGCAACGTAGACTTTGCATGTCGATCGGTACAATAGGACCGGATATCTTGCACCAGAGAATGAATCTCCAAGAGGTCCGTCCCAGACTGTCGGGAACATGTTAAGGTCTGCTTGGGATCAATCACCTTCGTGAATCTACGTGATTGAAGTCAGGTCCAGGACGCCTACCGTGGAATCGTACACATTCATCAATGGCCACTCAAACTCGGATCGAAAATCAGACTCAAGTCGGTACCGGACGTAATTTCACTGACGGTCCATAGGTCCCCAGGGACGCATCAGACATTTTTTTCTCACGTCAGTGACCAGATGCGCCGAGATAGACCTTGCTCCGCGCAACAGGACGCGC
Pterois volitans,Pterois species,"Kingdom: Animalia, Phylum: Chordata, Class: Actinopterygii, Order: Scorpaeniformes, Family: Scorpaenidae, Genus: Pterois, Species: Pterois volitans",Coral reefs,COI-placeholder,TAACATCATGAGGACTAGAGTTCACCCCCGAGTCTGAAGTCTTGACAACCGGCCGTGGCGACCACATCCTTCTCGTTACAACTTATCGGCCCGCCCCAGGCTTCATGTGACAAATCTTGACCGGTGTTAAGCGAAGCGGGCGTGGCAAGTGGCGGGCTAGCAACCTCAGCCGATCGGAAGTTGTATCGTTGCACTCTTTTGCCTGGGGGCCGGCCGGCGATTATGTTTGATACCTGCCTTCCGGGGTCTATCACAAGCTAGAGGAAAGGAAACCATTTATGCTGGAGTAAAACACAGAAGTCAATTGTGTCGCCATTAGCGTTTAACAATAGAATAATTTTACGGCTTTGCGGTACAGACTGATTAGTCGGCCCTACCACGTGGAAATCGTCCTCACAACCGGTTCAGACGCTTTAGAGGGTATGTTTTCCGCGTAGGAGGGACATGAAC
Synanceia verrucosa,Synanceia species,"Kingdom: Animalia, Phylum: Chordata, Class: Actinopterygii, Order: Scorpaeniformes, Family: Synanceiidae, Genus: Synanceia, Species: Synanceia verrucosa",Coral reefs,COI-placeholder,ATATATGACGTACATAACAGTTGCCTTCGGCGGGAGCGACTTCGATAACTAATTGGAAATCGTGGGTTTTCGTTCAGTGCGGGCCTCCCACCTACCCTCCGCCTCTCCTTTCGCTAGCCTCTGTCTTTTTTCGAGCGGTAGGTCATAAGTCTTCGGCTACGCATTTCCGCTAACATCATCATGTCGTTTGCCCCTTCGGCTAACTGTGGAGCTTCGGAGTCAGTGCTGAACAGGTTAAGCCAAAACCTTGGAACAGTGCTCGTTGAGCTCCTTGAGCGCCTTCCCCAGTTCAGTTCCTCAGGTGCCCAACCACCGGTTCAATGAGACGTCTCTACACAATTTCACCGTTGATCGCGGAATGGTGAAAGACTCGCATCCGGCGCGGCAAAAACTATGGTCGTAATTTTTAGAGGCGGCCAGAGCGTGAACCACCAACCGCGGTGCGGGCTT
Platycephalus indicus,Platycephalus species,"Kingdom: Animalia, Phylum: Chordata, Class: Actinopterygii, Order: Scorpaeniformes, Family: Platycephalidae, Genus: Platycephalus, Species: Platycephalus indicus",Sandy/muddy bottoms,COI-placeholder,TCGTTCCGACCTTAAATGGGGGGCGGGCCAGAGAGGCTTTGTAGTAGTACTTGACCTAGCCGGCGTATAGATATTACCATGAATGATTCTTTCCCGCCATGCTGCGTTCAGCATGAGAGTTGGCCAACCGACTTATCAGTAGCATCCTGAAGTTAAGTCTCGATGGAACACACGCGTCAGCCCGTTTGTAGGAACTCAAGGTAAACTCCGCAAGTGGGACATGGATCAGCCCGCAACCAGTCTTTAGGTCTACCAGCGACTCTAAAAGCCTAGGTCCCGCTGCACGCGGGCCGTTGGTCTAGGACTTACGACTCCGTGTATCCCAAGAAAGATATGACTCCCCTTTGTAGAAATGGAATTTAACGTTGTCGTATCGCGGTTAATCTCAGTCCTGGGTCGCACTCTGCTGATATGCCCTTTCCCTTACGTACTCACTTCGGACCCCTATGG
Dactylopus dactylopus,Dactylopus species,"Kingdom: Animalia, Phylum: Chordata, Class: Actinopterygii, Order: Callionymiformes, Family: Callionymidae, Genus: Dactylopus, Species: Dactylopus dactylopus",Sandy/muddy bottoms,COI-placeholder,CCTTCAGCATTAATCATGGTCCGACACAGCCACATCGTACTTACCTGCAAGTTGGGGCCATGGAGGTGTCAGAGTGGTTGTAGCAAAAGTACGAATACTTAGTTGAATAGCAGACTACGATCACCGACATCAAAGTGTCCTTGTAGCATCTACGACCACGTACTCTTTGTGGCAGTTGGAATGCGGCACCATTGGCGAGAGATCCTTGGCTCTAGCGTCTAAAGTACTGAGCGGTCATTCGTGTCATTTAGTACCCACGGACAGCCTGGATCTGGATCGCAATTGATCATGGTACTTGACGGACGTTGCTATGTCCTATTGCAATTTACCCGGTGACGGCCACCTCTCTACGCGCGCTCTGGAACGCGGCCTTGACTTCGACAGACTTAACTGAGAGTCCCAAGGGACACCGCCAAAGCCGGAGCTTGAGGGTCCCGTTGGACGTCTGAG
Apogon aureus,Apogon species,"Kingdom: Animalia, Phylum: Chordata, Class: Actinopterygii, Order: Kurtiformes, Family: Apogonidae, Genus: Apogon, Species: Apogon aureus",Coral reefs,COI-placeholder,CTGTAGTCGCGTATTATGCTGAATATACGTGAACAATAGGTCACAGATGCATACTGCTTTGCGAGTATTAGAGAATTGGCTTGCAAGACCAGTCGAGCAATTCTGCTGCATCCCACGGATCAAGCTGACACTCTCACGGTATGTGATTCGTATCCAGCGAGAATCACATGACTGTTTGTCGTGTTCGATCACAAAAATCAACTCTCTAACACGGCCCCTTCATACCGTCAGTATAAGGCCAGACCACTTCCTTGTGAGGTTCAATTACCGTCGTCCGTTCGGCTCAATGAAGAGTGGGGCCAGAAGATTATGCATTCCACATATCCGACGACCGAGCACGGCAGCCAGCGCCGGGAAGTAAGGTATAGACGCCAGGGTGACCGTTTAGATGATCACATACGACAATATATCACCGTGGTTTTCATCACCCGAGTTATAATTCGTCCTCTC
Cheilodipterus quinquelineatus,Cheilodipterus species,"Kingdom: Animalia, Phylum: Chordata, Class: Actinopterygii, Order: Kurtiformes, Family: Apogonidae, Genus: Cheilodipterus, Species: Cheilodipterus quinquelineatus",Coral reefs,COI-placeholder,AGGTTGGTTACGATTAGGCTACCGTCTTTCCCGCGCTATTATGTATGGGGTATGAGCGAGTCCACGGACTATGACGAGCACCATGATACGGCGTACCGTGTACACCGATCAACTAACTGCGTGTAGTCGGTGTTGGGGTGCCTGCAGCGGGATCCTTTAGCATTACCTGCCGCAGCATTTATGTCAACGTCGTACACAAAATTACTGGCTGTCGGCACCATCGTTTATTGGCACGAGGTCGTCCATCGATGGGCAAACGCGTTTTTAGAACTGTACTAATGTCTCTCAGCCAACCCTCAGGGTACCGCGGCCGCACGTCCCATAAAATCCTGCTAAGGGTATGGTAGATCGGTAAATCTATCACAGGCCACCGAGAGGACGCCCTGCATGACAACGGGGACAGAGGGTGATTCACAGATGTGTGTGAGGGTGGTAAAGCATAACTGCAGT
Priacanthus hamrur,Priacanthus species,"Kingdom: Animalia, Phylum: Chordata, Class: Actinopterygii, Order: Perciformes, Family: Priacanthidae, Genus: Priacanthus, Species: Priacanthus hamrur",Coral reefs,COI-placeholder,GAATTAACAATGTCTATGCCGTAATGTAAAGCGTTACCCCGTCAGTCATTTGCACTCTCTAATCGCGGACACCTCACGGTAACTGCTCTCGTTTGTCTGTTAGGTTTGGACACAGTTCAGATTTAGGCCCTGCGTACCGGGTTCACGCCGCAAGACCTATTACGGCGGTTACTGCTACCGATCTACTCGGTTGGTACATGTACTTCGAGTAAGAATGTGAACGGGTGCCTTGTGCGGGGCCCTAAGAGGCAGGTCGTCTGGCGTAATGATGGCCGCGTGCCATGGGAACTTCTTTCTGCACGCGATACAGTCCGAGAGATACAGGTGATCTCTACAATGGGTACAATGGCTAGGATAAGTATAATATGACTGTGGGCATAGTAAACAGTAGAAATCCACTGGACCACTTACGGGCAGACCGAAGACCACATGCCCCTCTCACAGTTCTGC
Sillago sihama,Sillago species,"Kingdom: Animalia, Phylum: Chordata, Class: Actinopterygii, Order: Perciformes, Family: Sillaginidae, Genus: Sillago, Species: Sillago sihama",Sandy/muddy bottoms,COI-placeholder,CTCGTATGCGGCTAGTTTGCCCAAGCCTGCAGGGATGCTAGGGAAGCCAAGTTAATATGCCCGGATGTAGAACTAGCTCTCAACGAAAGAATGAGGCCTTACTTGCATTCTTTTGGGATACTTTCGACATCTAAGACATGGCGTGTTAAGTAATAGCCAATCACTAACGCCAACTTTCGACTGCTAAGTTTAGCTGCGCCAATATTTAGGATATACCTTAAAACACTCCTACCTTTTTTTACAATAGGTGGCATCGGCTGACCGGGATATATTACTCGGCTTAAAATGTACCAGCGGGCGGAGCGTTATCTTGCTGCTATCATTGTAGACATTACACTGCGTAAATCCACAATCGTCGAACGGTATTAGGGGTTACCCGACAGGTCGCTTCACGCTTTCGTGATAAGAAGTCCTACTTCAGTAAGCCAATCATGGCGTACGCCGCCATCC
Lactarius lactarius,Lactarius species,"Kingdom: Animalia, Phylum: Chordata, Class: Actinopterygii, Order: Perciformes, Family: Lactariidae, Genus: Lactarius, Species: Lactarius lactarius",Coastal waters,COI-placeholder,CGCTCCTTAACACGATAGGGGCAAAGAGGAGCAAATTATCTTCATCGGTTCACACGAATGAGGTACCTACAATGTATCCACGCTACGACGTCGAAACCTTGTGTATATGTTCTTCCGAACTGGTGATGTGCTCCCAAAGTGAACCCATATACTCAAAGAACAAGCTGATGCTATCCGAACTGCAAGATCATACTGCACTCCTCGAGGAGTAGTTGTCTCATGTTTACCGCGTACGGATATATTCCAGGACATGTCTCTGATGCGGAGCTCGGGACCACAACTACGGGGGTGGAAAGTGGGCGTAGATAGGCTGGTAAGGGGTCGGGCATATAAATTTCGGGCTCAGGATGTAGAAGCGTCGTAATGTCGGCCAGACACGGCTCTTGAGGAAATGTCTGCTCGTTCCTGAGGTCGCGTGGTTCCACAGAGCCGACAGACAACACCTACGGA
Rachycentron canadum,Rachycentron species,"Kingdom: Animalia, Phylum: Chordata, Class: Actinopterygii, Order: Carangiformes, Family: Rachycentridae, Genus: Rachycentron, Species: Rachycentron canadum",Coastal waters,COI-placeholder,ACCCTGAGCAGCGTGAGTACGAGAGGGTGACCTGACACCTCCCAGAATTGTGATGGCGTGCTAGATGGACGTGAATTCCTCGGGTCCACCAAGTCGCCCACACGCGGCAAATACGTGGGTCAATCCAGGGTAGGAAGAACTGAAGCACTTCCTAGACAACGGCGCCGAGAAAAGTTTACTTCCCTGCGGTGGAAGGCTTCGCACCCCGGAGCCTCGGAACACCAATCGTTTACAGGAGAATCTTCGACCGGTGGCCGTCTAGACAGTCCCGGCCGCTAGCGACTACAACGAAGGAATCATGGTCGTTGGGAGGACTGAAGACAGATCTCAATCCGTCTTATATAGCTGGAACTTCCTTCATGGGAAGCATCACGCGCCCCGGTTATTCTGGCAACCGCCGAGTTATCCCAACCAGTAGGCGCCTTCCTTCCGGCTAAGGGTCCACGCCGA
Echeneis naucrates,Echeneis species,"Kingdom: Animalia, Phylum: Chordata, Class: Actinopterygii, Order: Carangiformes, Family: Echeneidae, Genus: Echeneis, Species: Echeneis naucrates",Oceanic,COI-placeholder,TGGCGGGGCATTGTAGGATTACAGACGGGCCGCGGGTTACTAGCGCTCGAAGTGAACCTGAGACCTGATGACGTATAACCGCGGATCCGGCGTCACGCCTGGACGAGAAAAAGGGAGGTTAGGACTTTATACCTACTTACCCAGTATCAACTCTCCATTTGTAGACCATGCACAACGCTCAACAACTGGGTATGTACTAGACGATATTGAGGCAGACGATAAGCAAGGGGCTTAACTAGAGCTTCGAAGTAAATCGTGCCCATTTTGGTACGGGGCATTATACCCCCACGCCGCGTAGCTATAGGCTGTCGAAGAAATCGATTTAATATCGAGAAGGCGAAAAGTTTCGGAAGTACGTCTTTGGCTAGTCGGCTGACTTGGTCAAGTGTAATATCCCGAATTTTGTTTTTGGTAATATTTCAAGCACTTTTGGTCGCATCAGATTCTAAC
Coryphaena hippurus,Coryphaena species,"Kingdom: Animalia, Phylum: Chordata, Class: Actinopterygii, Order: Carangiformes, Family: Coryphaenidae, Genus: Coryphaena, Species: Coryphaena hippurus",Oceanic,COI-placeholder,CAAACGAACCCTTCCTCGACACGCATCCGTCCACGCGTATCGGTCCCTGCCCAGCACTACTGAACTACTCGCAAAATGAAGCTTTACCTACATCGGCCCAGCTTACGTTGAGCGATCGGAGAGTAGCATATGGCTCGTCACGATATACATAAGTCAGGTAAGAAATAGGCAGTTGCGGGGTCTTGTACACTTTTCCCGATATACACCTTACACAGAAGATCCACCACTCGGGGGTGCGAGACGCTAAGACGGGCTGAACGGGACAGATCAACCATACGGGCGTCGCAAAAGTTAGCTTGTCGATTCTGCACCTCGGTCCCGTGGGCCGATGTCCCGAAAACAACTGGAATATTACGAGGACACGAGGCAACCATTTTCCTTGCAAAGCGTGGTCTTAGAACTTTGTCACGCCTAGTTAAGATGCTTGTCTGGTCGTTGTTAGTGATTCAG
Mene maculata,Mene species,"Kingdom: Animalia, Phylum: Chordata, Class: Actinopterygii, Order: Carangiformes, Family: Menidae, Genus: Mene, Species: Mene maculata",Coastal waters,COI-placeholder,CTCCATAAGTATCAGTCTCGTTCCATAGGAGTACGTGATATATGGAGAGATGCGCAAGGATCTCAGAACCAGACTCAGCTTTTTCATCCAAGACTTTATGAACTGACCGCTCAATAGTCCTGGATCATGGTCGTTCGTCGTAGGCGCGCGCTGGCGTAGGTCACTGTTGTTGTGCTCGGTATTTATTGTGCACGTTAACTGAAATCAGATTGTGAGGGGACCCACTCTAAGAGCAATGCGACCGACACGATACGATGGCCATAATGTTCGAGAACGAAGTTGTTTAAAATTAGGCACGTTAGGTTCCATAAGGGCTAAGCTCTATCAGGGGGCAAACTACCGGTGCGCACATGGTTACTCAGGGATAGTCTAATCATGAAAGCCGCTGAAGGGGGGGATTCTGTGCGGTTCGTCGGGCCCAATTAAGAATGAGCTACTCGACAGTTTTTT
Leiognathus equulus,Leiognathus species,"Kingdom: Animalia, Phylum: Chordata, Class: Actinopterygii, Order: Perciformes, Family: Leiognathidae, Genus: Leiognathus, Species: Leiognathus equulus",Coastal waters,COI-placeholder,GCGGCGTTACAAAACTCTGTCTGTTCCCACCTTTGAAGATGGAGCTTGTAAGACTCATTATAATCGCTGATCTCTAACTTTATACAATGACTATACGGTCGCCATGTAGAGTAATGAGAAATGTAAGGCCCGAGCAAAGCTCGTCAAGCATTGGCACTCGCTCCCGTGCTGAAAAGACCCTCAAAATATGATAGTAGTTCACGCGGCCTCTCTGCGGGCTAGGCCTGTAGCCGTCTATTGTAAACGCATTTTATTCTGTGTCACCCGGTGCTCCACTCCACAACAGACAGATAACTAAGGCTCTGGAACATTCGGCCCCGGACCTGCCAAAATTCGCACCCGTGTGCCCAGATTCATCTGAGGAAAGCAACGATGGTCGGTGGTCCCCACCGGTCAGGAACATCACCGTCTGGCCATATAGTCTTTTTTGATATTCCATGGATCACCTCC
Gazza minuta,Gazza species,"Kingdom: Animalia, Phylum: Chordata, Class: Actinopterygii, Order: Perciformes, Family: Leiognathidae, Genus: Gazza, Species: Gazza minuta",Coastal waters,COI-placeholder,CGTAACTGTGATTTGACGACCCCACAAGGGGTTAACCCACAATGCCCGTGTGAACCACGAATATCGACGTCTCGTCTACAATCCACTTGGCATGTTTGTGCGGAGTCATGGTTGCAAACCCTCAAACGTTCGTGTCAACCATGCGTCAGGCTAGTTCGGGTTGTCCGAGCTCTTTGTGCCGGAAAGATCGTAGTTTTTCTGCTTTTAACTTGCCACGAACCCTCGAATCCCCCGGTAGCAATCACCCGAACACTAACGATGATCAAAGGAACCTCGACCAGTTGTCATTAACGACCATCGACTCGATTTAAAACTTGTGTGCAGGACTCCCCACGATATAGGCTGAGATTGAAGATTCGTGGGAGGGTGTAATCTTACGGCCTGGCGACCGATGAGAGTCGGGAAACGCCAACCACTATGCGGGGCATCTGTAGGGAAGCTCCGTACTGT
Lobotes surinamensis,Lobotes species,"Kingdom: Animalia, Phylum: Chordata, Class: Actinopterygii, Order: Perciformes, Family: Lobotidae, Genus: Lobotes, Species: Lobotes surinamensis",Coastal waters,COI-placeholder,ATCGAATACGAAATAGATATTCCTTAAAGCCGCCAACGGAGACACGTGTTTGATGTACGATGACGTACTTTACTCTCGTCTGCTCGCCGCCGAGCCGGCTCAGATTTTTACGTCGCACCGGCGTCGTCAGACGATCCGGCGGTAGTTCTGCCTTAAGACGCCCGCGGAGAAAGATTACATAGACGTTTGTGCTCTTTTCTGCAGCCCCGCTATTCTCGAAGCATTTCCCAGTGTTGCCCCGCCGCACTTAAACATGTGTACGTCTTAATCTTTCGAAAATCCTTAGCTGTCTCTGGGTCTGTGCGTCAGCCAACACTAGTGCGATACTCCGGTGGCATGTGTAGCCTTAACCGATGCGACCAGTGCTACGTATAGCCCTGCGCGAGGTTAGAATCAGATGCTGCACGTTATCTAAACCCGGTACGATAAAAGAATGTGCTATGACCGTAG
Diagramma pictum,Diagramma species,"Kingdom: Animalia, Phylum: Chordata, Class: Actinopterygii, Order: Perciformes, Family: Haemulidae, Genus: Diagramma, Species: Diagramma pictum",Coral reefs,COI-placeholder,AGGCTACTCACAGGTATGGAGGCACAAGGTGTGCGATGGTGGCGGTAGTGTACGGGGCTCAATCCCTGGTTGCAGGGGTGGAGAACACTCCGTATCGGGAATGGTAGAAGGCGAGATCTCCCAACTACGCGTTGAACGTCGTATTATTCAGGAAGACCACACATCGGTGCGAAAAATTGTCTAGACCTGGTAGGTCAGGGCTACGCCATTGGTATGATACACTGAAGGGCAGAGGAGGCTACTATTAGTAGCCCGTGCGACTGGTCTACCTGGATTCGCCGTGTTGTCGCTAATCGAGGGACGATTGACTAGCATACCCTTATGGAACCTACAAATGTAAATTGTGTCGCTGGTGACCTCCACGCATGAGGAAATTCGTTCGCCATGGGACCTCGGGCAAGCAGATCGCCCGAAATGGTTCCACCGAAATAAGCTGCACTGAGACTACTA
Plectorhinchus schotaf,Plectorhinchus species,"Kingdom: Animalia, Phylum: Chordata, Class: Actinopterygii, Order: Perciformes, Family: Haemulidae, Genus: Plectorhinchus, Species: Plectorhinchus schotaf",Coral reefs,COI-placeholder,CCGCTCAACACTGAGCCAACTAATCTGCACCCCTAAAGTAACGACATCATCGTTTGCCAGCGTGCCCTCATTGGGGAGTCCATTGTAAGTCCTGACCGTCATCTGTTATTATGTGTGAAAACCAGGGATCGCTCTATCTGACGGGTGGAGAGATTGTGTACCCATCTGCGAGGCGGTTAAACATCAAGTATAGGTGCTCGAGCGTCCGCCTTCGTATGGGGCAGAAACTTGCACTACCGAATTCCAGGCCAGAGTGTGGCGGGTGATAGCCTAGATGACCGTTTAATAGGCTGTAAAGACCGGACTAATAACACTATCCCAGAGTTAGCTAATCCAGCTAGGTGGGGCAGATTTGCCAGTTCCCGCTGACGCCGTTCTAAACGCCCACATCTGCGGCGTGGAGGTTTGCAGCTAACATGTAGCTGGGTGAAAGGTAGACGGGGATACTTG
Pomadasys maculatus,Pomadasys species,"Kingdom: Animalia, Phylum: Chordata, Class: Actinopterygii, Order: Perciformes, Family: Haemulidae, Genus: Pomadasys, Species: Pomadasys maculatus",Coastal waters,COI-placeholder,GAACGTTGAATAGTGGAGAAGTTCAGTTGTGTCGAAGCTGGCTCAGGTGGCCTCGCATCAGTACACGACATCAGTCACCTGACCGCCTGGGGAAGGTCTCTGACGATCCGCTATATCAGTAATGGCAATCACCTAGGGGCCAATGCAGTACGTCCAGTACCATTGGGGTCGGGCATAAGAACAATGCTAAGTCAGAGGAATGTGGGACTGCCAAGCGATGTTAAAGACGGTCTGCACAGGGTCCTAGGTATTTAAAGCATGGTCGGCCACATTAAGGTAGAACCCAAATCAGCTCTTACGGAAGGTTTGAGCCCGCGACGGACGGTCATCTCGAGTCGGCGGTTGATGGGCCTCAAGCAAATGGGTTAAGGATTTAGGGCTCAGACATAGCATGGAGAAGCGGAAATGCTTAGTACATTTCGTGGGGCAAAGTAATACTGTGCGTGAGTA
Argyrops spinifer,Argyrops species,"Kingdom: Animalia, Phylum: Chordata, Class: Actinopterygii, Order: Perciformes, Family: Sparidae, Genus: Argyrops, Species: Argyrops spinifer",Coastal waters,COI-placeholder,GAATAGAGCTAACCCTTCTAGCCTTCGGCCTTCTCTGGCCATCGGTTGCTCCCCAGGCAACCACTCACCCGAGAACGTCGGGTCACAGAACTTGAGGAGGATTCGAACAGTTAGTGACCAGGGCAGGTCTTAATTCCGGCCATCAAGATCCTCTTTAATATCTACGCGAGAATACCTTATGCAGATTAGACCATAGCTCTTATGATGGTGCCATCAGGGTTCTTGCAACTGCCGCACGGATCACGGTCTTCTTAAAAGCAGCTAGTACACAGTTCGTCTTGTTGGAATGTACTCGGTCACGAATCAACCCCGGTGTTCCTTAGCCACTATGTGGGTCTCTGACTCCCACCTGCCGTGAAGCTCAGCAGCTCTTAAACACTGTGGTTGTCGAGCGGGTGCCTAATCTCGTTTCTGGCGCGCATGCCAGGATAGAGTATGCACGAGAAAATT
Acanthopagrus latus,Acanthopagrus species,"Kingdom: Animalia, Phylum: Chordata, Class: Actinopterygii, Order: Perciformes, Family: Sparidae, Genus: Acanthopagrus, Species: Acanthopagrus latus",Estuaries,COI-placeholder,GGACTTAGGGGCCGAGCGAGCAGGCCTCCGAATAAAGCCTTTTCGGGTCTAATCATTGCACAGCGAAGGATTCAGGTTCGTCATACGCTGCGTACGGGCGTGCCCAAACGACGGCTCTTCCGTTTGCAACCAGGCTTCCATCTGTTCGTCGAAGTGCGTTCTTACTCATGGATTTAACTTCCGCGTAATTCTGGAGCACACCGATTATACCTGGGGTTGGTGACACGCCAGCTGGCTTAAGATTCTCAGGGATGTAGATTAGCAAAGCTGTACATGTGCGCCTCGCCATGGATGCCTGGTCGGCATTTACACTTGTCGAGTCTACAAACTTTTTGGATTTTGTGTGAGAGGAAGTTTGTACATTGTCATAGAGGATGGTTTGGTGTCACTCGGACTTGGGATACTTATTCTCTGTTGAGGTTATATCTGGCCCCAGCGCATGGCGCGGGC
Scatophagus argus,Scatophagus species,"Kingdom: Animalia, Phylum: Chordata, Class: Actinopterygii, Order: Perciformes, Family: Scatophagidae, Genus: Scatophagus, Species: Scatophagus argus",Estuaries,COI-placeholder,ACCAAGCGTCTCCAATCTACCGTACTTTATCTACAAACCTTGTGCAGCACGAGGTCAATGATTGAAGTAGCAGAAGCGAAGAGAATCCGCCCTTTTTCCGCCGTGATGCAACCGGTCCTTATGGTATCTTGGAGTGGCCGGGGAGTGTGAAAAAAGAAGACATCCGGAGTCGCCATGCCCATGCCAAATTTTGGAAACAAGCCCTATTGTCGAGAGTCGGTGTATTGGAGCCCCCCGGGCCAAGGCAGGGCTAAATGGGCTAGATCCGGCCCTGGCCCGGTTTCGCTTCTAGTAGATTAGTGTCTGTGAAGACGTAACGATGGGGTGGCGAGCCGATATTGAAAAGTACATGTTAGTCCTTGGGTCCACAGATCTAGGAGAATCGAAATAAGGAAGAAAGAAAGAAGGCGCAATAAGTGGAGCATTTTCCGGGTAATTCCGCCTCAGGTG
Chaetodon collare,Chaetodon species,"Kingdom: Animalia, Phylum: Chordata, Class: Actinopterygii, Order: Perciformes, Family: Chaetodontidae, Genus: Chaetodon, Species: Chaetodon collare",Coral reefs,COI-placeholder,AAAAGCCCCTAGGCCTGGAAAACGAGACGAGCTAAGGCCGCTCCCGTCCATTCTTGATTCTGGTAAATTCTGAAGTATGCCAACAGACCCCGCGCTAACTAACCCCTCAATTGATTCAGTATCTCTTCTTCTGGACCAGCAAGATAATCTGACTCTGCTTCTTAAAATTCGCCAGCTATTGGTGAGCTCTTCGGTCCCAGGTTATGATGAATACCGCTCTGACATTTTTATTCGTCATCACTTGTCTCTACCTTCAAATCATGCTTACACGGGTCGCAGTATACTAGCTTGTGATATGTCATGTATGAGAGACCATACTACCCAATGGCAAGGATGAAGATAGTTAAGCACGGCAGCTAGGACGTAGTCACTACGATGACCACAAATGTACCACTGAGCAGAAGAGAGCTACTCAACCAACAAGGAAGACTAGTAAATCGTCTCGCTCGG
Heniochus acuminatus,Heniochus species,"Kingdom: Animalia, Phylum: Chordata, Class: Actinopterygii, Order: Perciformes, Family: Chaetodontidae, Genus: Heniochus, Species: Heniochus acuminatus",Coral reefs,COI-placeholder,CTGGATACGGAGGTCTAAGGTACGCACGACGTTGTTGTTTTGTTTCCGCCACACTCAGGCGGTCAAGAGTATCGCTGGGGACGGCCTGTTGATTCGACGCGTCGAGGCTGTCGAGTATTGCTTTTTAAGCAGTACTGCCGGAAAACAGTCGAGGTCAATGAACTGCCTTTTTATCGGTGCCATAACATGACAAACCACCAGTGAAGCCATTTGAATACCCATCATGGCATTGTAGGGGCGTTACTTTGATTCCATAACCTCCAGTACTGTTGGTTACTAGATAGCCGCTGTTACACTCCATATACGCTCTCTGGTGACTGGTTGGGAGACCGATAACATTGTGCCTGCTTTATTATCTGAACACCATAATTGTCCTGGGTATAGTCGATTTTGTTCGGCTGCGCAGTTGGACGTCGGACGAACCAGACGATGGAGGAGTTTGCAAAGCCA
Pomacanthus imperator,Pomacanthus species,"Kingdom: Animalia, Phylum: Chordata, Class: Actinopterygii, Order: Perciformes, Family: Pomacanthidae, Genus: Pomacanthus, Species: Pomacanthus imperator",Coral reefs,COI-placeholder,TGTCACGCTCGTCATTTCAGCCTCATTTTGGAGGAAGAATATGGAGGTAAATGAACAAGAAGCTTAATTACATTGGGATCTAAAGCTCATTTGTCGGCGTCATGATACTCAGTTCAGAGACAAAGTGTTCACGTCAGGGCGTCCGAGGACCCAATCGATGACACGCTCGGTAATTCTTACAGACCAGGACGAGAGGAGTTAAGGCTAGATCGTTTGTGTGTTATTGCCAGTTTAACATCACTAGGGCCTTAGAGACGTGGTCGACGCTGGCATACGAAATCTAAGTGCGCGTCGTTCGCTAGGTTATTGGGAAGCTACGCGGTGTTGGGCACCGAAGAGCTTTGGCCTCGGGTGCAATTAGTCTGGCGTAGCTGCAATAGTGTTCCTGTTTCGTTGACAGCATCTAGGTCCCAGCTTGATCGTCATTCGACTCGTTCTATACATGTGTGA
Amphiprion clarkii,Amphiprion species,"Kingdom: Animalia, Phylum: Chordata, Class: Actinopterygii, Order: Perciformes, Family: Pomacentridae, Genus: Amphiprion, Species: Amphiprion clarkii",Coral reefs,COI-placeholder,GTTAGCTTTTTACTCCCAACATCGAGATGATTGCATTAACAATCCCCCCGTTAAATGTGTCATATAGGTGTCCCCTTCCTAATTCAAACCTCATTACCAAAGAGGCTGCATGTGAGTGGTTCCTTCGTCATATCAACGAGTATTGGTCAAAATTGGGCTTAGCGAGGCCAGATCGCTTATCCCTACTACACCGCCCCCTTGAAGTAAGAATCCTAGGTTGTATCAAGCGAAGTCGCCTGCAAGCTGCTCGTGGCGAGTTAATCCCCTTCTAGCGAGCGGTGAGAGATGCATTACAAAAATCCGCTTGAAAGATCCAGTTTGAGTCAGGACTCAACCCAACGCAAGGTTACTAACCTACCGTGAGGCGGACAACGAGCGATACATCTTTCCGGACCTATCCGAGGTGGCAGTACAGCCGATAGCAACTCGAGAAGTCATGTAAGGATATTC
Abudefduf vaigiensis,Abudefduf species,"Kingdom: Animalia, Phylum: Chordata, Class: Actinopterygii, Order: Perciformes, Family: Pomacentridae, Genus: Abudefduf, Species: Abudefduf vaigiensis",Coral reefs,COI-placeholder,GGGGGCGTATGCGCTATGATCCTATAGGATCGAGCCCGATATATCTCCCCGCGGTATCCTATTTGGTAGCCCTGGCGAAGATGACCGTAAAGCGCGGCACTTTCGAATCTAGACGAAGTATCCATGTTAACGTGTTTCATACTTTCCAGGGATGGCGAACGTGTAGCTATGGTGCTCGGGGAGGCTCTATATTAACGTTTGAAGGCCCGGGAAGGTAACCCATCGGATAATTGTGGGCTTTGTAACACGTATTCCAATCACTACCCCGGAAGAATCGTGGTTGTGTTGGTATGGTTTACGAAGTCTTGTCAGGGTACGTAGGACCACTGTGGGCGATTTTCATCGATCTCTAGAAGGGTTCTTCTGTAATCCCGATGCTAATGGGTGACGAACCTGTGCTATTCTTCAACGAATCAAAGGAAACACCCATATCGTTACCATGGTCCGGGC
Chromis viridis,Chromis species,"Kingdom: Animalia, Phylum: Chordata, Class: Actinopterygii, Order: Perciformes, Family: Pomacentridae, Genus: Chromis, Species: Chromis viridis",Coral reefs,COI-placeholder,CCGTCACCACCGGTCACACGCGTAGAAACAAACCTTAATATGGATGTTCACTGCTTTCTCCGCACGCGAAATTGCTCCGCCTTCAAATTATAGTTCGTGTCAGTCTGGAGTCTCGCGAATAACCAGGGTCTGTCCTAACATTTAATTAGATTAAAGATTAATTGGCCCGCTATTTGAACTATCGCGCACAGGAAGTCAGTATCCGTTCAAGGGACCCTTGTGAGGCGCGAGCGAACGCACCAACAAACGTAAACGCCTGGGTATCTGGATGTGGCAAGCAGCAAATACATACACAGCCTGGCATAGCCATGCTTCAACCCCTCGTGGACTCATTTCAGACACAGCTATAGTCTCCGGGCTGGGAAAGCAGTGTGTATGCCGATCAACCGTCCCCTTCGAATACCGTAGGGCAGCCCGGCGTGAGTAACGTACCTGGTGATACGCTCCTAC
Choerodon anchorago,Choerodon species,"Kingdom: Animalia, Phylum: Chordata, Class: Actinopterygii, Order: Perciformes, Family: Labridae, Genus: Choerodon, Species: Choerodon anchorago",Coral reefs,COI-placeholder,GCGATCGGCTCTATTACGTCGCCATGAACGTATCGGGAATAAATATGGATCTACTGAATAGCTAAGGAAAGAGAAAATCGATGGGTCTGAACTGGGCCAGATGTGTCCCCTATTCCGGATCTTCCTTGACCAGTAAGCGAACGCCTCCGTATGCCCTACTCTGCCTGTTTGCATTCAGAACTACAATTGTGTTCACCTGCATACATGCCTCCTACCGTGTCCTCCAATATAGCGGCTCATACCCTTGGTAAACTGATCTTTTCTCTGACATGAGCTACTAACCACTCGTTAGACCGCTTGAGCTCAGTACCGAACCAAATATTGGCTGCAAAGGTTTGTCCAGAAAGCAACGTCGTGTTATACACTTTGCAGCTTTCAACTAGGCACGAGGTGACTTACCGTCTTATATGGGAGGATAAGACCGCAACAAATTCCCGCTTGCCCCGATGC
Cheilinus undulatus,Cheilinus species,"Kingdom: Animalia, Phylum: Chordata, Class: Actinopterygii, Order: Perciformes, Family: Labridae, Genus: Cheilinus, Species: Cheilinus undulatus",Coral reefs,COI-placeholder,CTAGCGCAGCGTGCTTAATGACGCCATGCCTGATTATGACTTTTCCCGGTGTAAATGAACCGACGCACGAGGGCTTAATCTTTGGAGTATCTATTTCTCAATGACTTTTACCCAAACTGTCTTGTCCCTGTTACTGAACTCTACCCTACGCCTAGATGCGCCTCATCATTGAAGACAGTAACGCCTCCGGGAAGCGGGACCCACGAGTCCCTGACTGTCTCAAGGTACGTACCAGGGGTAGTCTCATTCTTCATAGAGCTCTATAAGACCACAGCCGGGACCACTATTAAGGTATAATGCATTTGGTTCAGAAACGACTACCTGTAAGAGCGCTACGGGTTTCTACCTCATTTATGTTAAGTACCGATGGCGCCATCGATTTGAATCGGAACATGCTTAGAGCGTGGCTCGACGATTTGACTCCAGAGGTCGTCGCCGTCCGCCTGATCG
Coris gaimard,Coris species,"Kingdom: Animalia, Phylum: Chordata, Class: Actinopterygii, Order: Perciformes, Family: Labridae, Genus: Coris, Species: Coris gaimard",Coral reefs,COI-placeholder,AATCTGTACCTGTCCTGCCGTGGGGCCATTAGATCCACAGCTATGTTCAAGTATGACAATTGATTACCCATCCAGCCAATGCATGTTCACAAACGTTTAGCGGCCCACGCCCCGAAGTGGGTTTACTGTCAATCACGAGACGTCAATTGGCTCTTCTCGACAGTAGGTTGAGCATAACCGTATGGTGTGCTTAGACTGCGTTGTCATGGGCAGGTCACACGGAAAACTCCCTATTAATCGTTAGCCATGACTTATCACTGCCTCTGCCAATCAGACAGGAGGAGCTAGCACATTCCTCCATTTCTGGCGAAGTAGGTTTATACTATTTCTCTGTCCCCCAAGTTCTCAAATTTGTGGTTTTTATGGTTACGATCACTGGAGCGGGCAACAAGTGGTGCGGCCCGCTAAGAGTGCTGACTGATTGCACTAGCTGATTATTCCCAATCGCAG
Scarus ghobban,Scarus species,"Kingdom: Animalia, Phylum: Chordata, Class: Actinopterygii, Order: Perciformes, Family: Scaridae, Genus: Scarus, Species: Scarus ghobban",Coral reefs,COI-placeholder,GTTTGAAATAGAAGTTATTTTTCCTTTGCGGGCGTGCTAATAGTCACCCTGGATTCTGGGTAGGGTTTACTCTAGCTGCTGACCCGCCGCGTATGTGCTTTCTCGGGCGCGCTGGAAAGGATTGTATAACGGTTCCCTGTTCAGTTCATTTGTTTTTACTGCTCCAGGCCCGTCTGTTTTAACTCACGTTTCAGCTTCTTACATTTCTTAACTTCTTTAGGGGAGTTCCAACCCAGTTAGGAACAGTCCCTGAGACTGAACATATCTTCAGCCCTTCCGATACCCAATCGTGAATGAATCGACACGAACGTCCCACTTTCTATGTTACGCTGAGAGGCGTAGGGCATTCAGTGGCTAGTGTCACAACCAGCCTAGCCAGCGTTGTTTTGCCAATCATGCTCTCTGCAAAAATAAGGCCTCCAGTATAGCCGGGGTTTGATGAGTGATTTG
Leptoscarus vaigiensis,Leptoscarus species,"Kingdom: Animalia, Phylum: Chordata, Class: Actinopterygii, Order: Perciformes, Family: Scaridae, Genus: Leptoscarus, Species: Leptoscarus vaigiensis",Seagrass beds,COI-placeholder,TATTGGGAGCAAACCAGATTCCGATATCTGGACCAGATCTCTACCGTGCAGTAAAGGAGTTACTTAAGATAGAGAGTCCAGTCAAATTGTCACAAGCGGAGGGGCGGACTCAGTGTCACTCCTTAAACAAAGATGATCGGGATACGCCTCTGTCTATGACTTATAGGGGGCTCGAACGAATAAGCCAGGCGTCATGTTCAGTCGAATTCTCCATGTTCGAATGAAGACGCCCCGCAATCTGAGACGAGACGTAATTAAGGGCGGTCCGCGTCAAGTAGAGTTCCAAGGAGTTTCCTTGTTAAAGCATGCGAGCATTAAAGCTGTTTGCATAGAATGGTAATTGGGCATAACGAAGGGGTGACCTCGCGTCTCGCTAAGGAAATCCGCGACATTAAGTTTGGAAAGGCTGGGCCCAACCGTGTTGCACTTTTTTTTGAAGATAAGACGAGG
Parapercis hexophtalma,Parapercis species,"Kingdom: Animalia, Phylum: Chordata, Class: Actinopterygii, Order: Perciformes, Family: Pinguipedidae, Genus: Parapercis, Species: Parapercis hexophtalma",Sandy/muddy bottoms,COI-placeholder,GAGCGATACGCTCTGGGTAAAACTATGGATTTATTACGTTTCGGGAGAATGGACGCTAATAGACGAAAATTGTCTGACCTTGTTTCATATAGCTTAGGAGAGATCGGCACTTCCGACACGAGTGAAGGGGTAAGCCTGGCTAATACTACAACACATAAGAGTATATACTTTGGACTTAGTGTTCCTGTTGATACGTATCAGTGCATCCGCGTGAGTGGCAAAAAGAGAACCAGGTGCGTTGAGGCCGCAAAGTTACGTCAGTTCGGCAGTCAACGTGACAAGGTTTTACCTCGGCAGGACATGGCGTAGGAATGCAGCAAGTACGCAAGTAGGGCTTGAGCTAAGCTAGACCAGGTCACGTCCCGCTTCGCGTAACAAATGGATCGTGGGTGTAATACGGAGGATCAAGTCCTAACGTTCATTGTTACCCGGGCCGCCACTGAGCTAGTA
Uranoscopus guttatus,Uranoscopus species,"Kingdom: Animalia, Phylum: Chordata, Class: Actinopterygii, Order: Perciformes, Family: Uranoscopidae, Genus: Uranoscopus, Species: Uranoscopus guttatus",Sandy/muddy bottoms,COI-placeholder,TAGTTCAGCGAGCTGAGTCACTCGGAAGTTGGGCATGCACACGCCATGTGCGCCCTATGCCGTTGCAATGTTTATAGGTAACAAACTAGCAATATGGAATCATGGTCTAGGATCCGATAGCTCGACAAACTGCCCCCACGTGTACGGTCCGCATAGCATACCGCCAGTCATCCCCAAGTACATGAACGTCTCCGGGGGCCATACCCGGGCTTTCCGGGTAGCGCCACTAATGTGGGACGACCAGATGGTCTGCTCGTTGGGTAACCGCGGCAATTCCGCATCGCCTTACACCCGTGTGCACTAGGAATTAATCACCAGCCGTATAGCACTTACGCTAAAAGTCTGTATAATTATCCAACCGTTAGGCTCGTGATGTGAATAATTGATGGTTAGGTGATTAACGGCTAACGTACGTCCTTTGTTTTGGGTCGAGATCCCGTAAATACTGGT
Blennius ocellaris,Blennius species,"Kingdom: Animalia, Phylum: Chordata, Class: Actinopterygii, Order: Blenniiformes, Family: Blenniidae, Genus: Blennius, Species: Blennius ocellaris",Rocky shores,COI-placeholder,GGGTAATCAGTATGCTCCTTGTATCTTGTACGCGGCTCACATTGAGAGGTCGACAGCTCGTCATGGCACCGTAGGCTCCGTCTCGTATTCTACGATACAAACACGGTATCTCTTGCCGCCGGAGGCAGACTGCTGCGCTGGTTCCTTTTGTACATTTCGGGGACCACTCGTAAAACGACTGGGGCGAGTTGAGCCACGGTCGCCCCCCCTCCGAAGAGCGGTACCATTTATTGGGAATATGGGCCCTACGAAGCTCACGAATGTCACAGATGTATGCATTTTACTGCTAACCGGGGTGTCTGCCGTACATAGAAGCGTACGTTCTGTGCACTAAACCGTTTAAACAATGACCGCAGCAGTGCATGCCTGCGCGGCTAGCACGCTCCAATTAGAAAAAGCTAGGTGGTTGCAATGCCTATAGCTGGCGCCCCTGACTCGACTCCGGATCCT
Istiblennius dussumieri,Istiblennius species,"Kingdom: Animalia, Phylum: Chordata, Class: Actinopterygii, Order: Blenniiformes, Family: Blenniidae, Genus: Istiblennius, Species: Istiblennius dussumieri",Intertidal,COI-placeholder,TGTTAACGCTCCCAAAAGACAGGTGCTGCAGACGGCTCCCGACGGAGCTGCAGAGCTCAGGCCAACAGGGCTCACACTATCCGACTGGCGGTCTGACAATACTCAGCGCTGTGTCGTATAGGGCAGATTCTGAACCTGGAATGTGTGAGTCCAGAAGTCTTCCCAATATACCGCTACAGCGGAGTAAAGACACGTGATTCAGTTCCTAGTCGCGCTGCAAGAAAAACTCCGCCCAGGTCTTTATTAGTTCAGAGAGGTCACCGTCAAAAAGGGAAACACTCCCCATCCGACTGCATATGTTTAGCATAGGGCCGGAGTAACCTGTGAACTTCTGCGCAGTATGGATCCGGAAGACTCAGAACGTGGCGTAAATGCGTGTAGACAGTAGGTCCATTAGATATTCGCTGGCCGCTCAACACGTGGAGTACTAGACCGGGCCGGCGTTTGATC
Acanthurus triostegus,Acanthurus species,"Kingdom: Animalia, Phylum: Chordata, Class: Actinopterygii, Order: Acanthuriformes, Family: Acanthuridae, Genus: Acanthurus, Species: Acanthurus triostegus",Coral reefs,COI-placeholder,GAGCCTAGTAGCAAATGCTTGTATCCCGGACTCCGCGACGAGCATCCTTACCTAGATAATCGAGTTAAGAGTCTTTCTCAGCAGCTATCCATTTATGGGCAGATCCAGCGCCAAGGAGGGAGTCTTGGTTCTAATTATCTCATGGGGGTTGGCCCTCCCGCCCAAGCTGCCGCAATCTGTGTAAAAAGCACAACTGAGATAGACTACGCTTTCCAGAAAGTTAAGTTTCCGCTCCTAATCTAATGCTCGGTTCTAACAATGCTGTTCACCCAGGGTGATGTAGTCAAGTCTGCGGTCACATTTAACCAACCTCATCATGACTGAGGATGGTTTTTGACTAATTCACTTTGGGTATCTTCGTTTTTCTCAGGATTGCAGAATGTGCAATGTGGTCGGGCACAATGAACGGTCCACGGCTATACCACTGGGGTGTGATATAACGAGATTTTA
Naso unicornis,Naso species,"Kingdom: Animalia, Phylum: Chordata, Class: Actinopterygii, Order: Acanthuriformes, Family: Acanthuridae, Genus: Naso, Species: Naso unicornis",Coral reefs,COI-placeholder,ACTCCGTTAGGGGTATATCCAACGTTGCCGACAGGTGGATAACACTCGGAAGAAAAATGGAACTCAATAGGTATCGGCATACGGCCATCCATCCTTGTCTTTCGACTCTAAAATGAGAGTATGATGGCGGGACGACGCCGACTAGCTTCGGGGCGTTACATATTGGATGCGTCAGGGGCAAAAAAACATTTCCCTACTATAAGACGCAAAGGGTAAAGATGGCTCGCGTATCACTAACGGCAGTTGTCGGAAGTTCGTAGCTATACACTGGGGGAGAAAGGAATGGGACTTCTCAATCCATGGTCCCGGGTGTTAAGATACCCGCGCTCAGGTCGCCCCCGTTAGCAGTTATTCCAGGACTTCCAGCTGCCGTAAGCTTTGATGCTGCCCCTAGAATGATCCCGAACTACAAAGCAACTCCGGAGCGCGTAATCGTGACCGCTCTATGTT
Zanclus cornutus,Zanclus species,"Kingdom: Animalia, Phylum: Chordata, Class: Actinopterygii, Order: Acanthuriformes, Family: Zanclidae, Genus: Zanclus, Species: Zanclus cornutus",Coral reefs,COI-placeholder,TACAGCATTGAACATGCGTCGCGTCATAGTCCCGTTTCTCTAAAATGACTTCGACCCGAGTGGGGTCGCTCGCTATCGCAATTTCGTCCGACCAATCAGTCCTTTACGTTAGAGCGACGGCGTGAGTAAGCGGAAATGTGTGTCGGTGGGATATTCAGACGCCAAGTAGAGGCACAGGGTTGTTTAACGATCGGACCCAACATAGGAAATTCTCACGATATTGCGAGAGTTGGATTCCACTCCACGCGTCTTTTAGCGAGATTCGCCCGTATAACGTCGATCCTTGCTAATGTTTGGACAGTCTACCGGTAGGTCCCCGGAAATCCTGACTGTGTTGGCACGACTGCGAGATGCCCAATATACCTACTAGCCCTCCGCTCGGAAATATTCTAGTGATGGGGCTCATCAGCTGTTAACGGTGCCCCCCTGAAGGTGTGGGCGCAGAACTGG
